t,headX,headY,headZ,headRotX,headRotY,headRotZ,leftHandX,leftHandY,leftHandZ,leftHandRotX,leftHandRotY,leftHandRotZ,rightHandX,rightHandY,rightHandZ,rightHandRotX,rightHandRotY,rightHandRotZ

0.7108244,0,0,0,0,0,0,0,0,0,0,0,0,0,0,0,0,0,0

0.7262241,0,0,0,0,0,0,0,0,0,0,0,0,0,0,0,0,0,0

0.7331463,0,0,0,0,0,0,0,0,0,0,0,0,0,0,0,0,0,0

0.7443891,0,0,0,0,0,0,0,0,0,0,0,0,0,0,0,0,0,0

0.7542455,0,0,0,0,0,0,0,0,0,0,0,0,0,0,0,0,0,0

0.7667242,0,0,0,0,0,0,0,0,0,0,0,0,0,0,0,0,0,0

0.7801033,0,0,0,0,0,0,0,0,0,0,0,0,0,0,0,0,0,0

0.8029112,0,0,0,0,0,0,0,0,0,0,0,0,0,0,0,0,0,0

0.8209223,0,0,0,0,0,0,0,0,0,0,0,0,0,0,0,0,0,0

0.8356242,0,0,0,0,0,0,0,0,0,0,0,0,0,0,0,0,0,0

0.8400058,0,0,0,0,0,0,0,0,0,0,0,0,0,0,0,0,0,0

0.8460923,0,0,0,0,0,0,0,0,0,0,0,0,0,0,0,0,0,0

0.8542284,0,0,0,0,0,0,0,0,0,0,0,0,0,0,0,0,0,0

0.8663418,0,0,0,0,0,0,0,0,0,0,0,0,0,0,0,0,0,0

0.8790506,0,0,0,0,0,0,0,0,0,0,0,0,0,0,0,0,0,0

0.8935806,0,0,0,0,0,0,0,0,0,0,0,0,0,0,0,0,0,0

0.9043481,0,0,0,0,0,0,0,0,0,0,0,0,0,0,0,0,0,0

0.9169297,0,0,0,0,0,0,0,0,0,0,0,0,0,0,0,0,0,0

0.9301177,0,0,0,0,0,0,0,0,0,0,0,0,0,0,0,0,0,0

0.9426265,0,0,0,0,0,0,0,0,0,0,0,0,0,0,0,0,0,0

0.9549,0,0,0,0,0,0,0,0,0,0,0,0,0,0,0,0,0,0

0.9676324,0,0,0,0,0,0,0,0,0,0,0,0,0,0,0,0,0,0

0.9796501,0,0,0,0,0,0,0,0,0,0,0,0,0,0,0,0,0,0

0.9921135,0,0,0,0,0,0,0,0,0,0,0,0,0,0,0,0,0,0

1.004779,0,0,0,0,0,0,0,0,0,0,0,0,0,0,0,0,0,0

1.016763,0,0,0,0,0,0,0,0,0,0,0,0,0,0,0,0,0,0

1.02916,0,0,0,0,0,0,0,0,0,0,0,0,0,0,0,0,0,0

1.042048,0,0,0,0,0,0,0,0,0,0,0,0,0,0,0,0,0,0

1.054462,0,0,0,0,0,0,0,0,0,0,0,0,0,0,0,0,0,0

1.067698,0,0,0,0,0,0,0,0,0,0,0,0,0,0,0,0,0,0

1.079209,0,0,0,0,0,0,0,0,0,0,0,0,0,0,0,0,0,0

1.091722,0,0,0,0,0,0,0,0,0,0,0,0,0,0,0,0,0,0

1.104438,0,0,0,0,0,0,0,0,0,0,0,0,0,0,0,0,0,0

1.116576,0,0,0,0,0,0,0,0,0,0,0,0,0,0,0,0,0,0

1.129423,0,0,0,0,0,0,0,0,0,0,0,0,0,0,0,0,0,0

1.141801,0,0,0,0,0,0,0,0,0,0,0,0,0,0,0,0,0,0

1.154454,0,0,0,0,0,0,0,0,0,0,0,0,0,0,0,0,0,0

1.166452,0,0,0,0,0,0,0,0,0,0,0,0,0,0,0,0,0,0

1.180053,0,0,0,0,0,0,0,0,0,0,0,0,0,0,0,0,0,0

1.192142,0,0,0,0,0,0,0,0,0,0,0,0,0,0,0,0,0,0

1.204251,0,0,0,0,0,0,0,0,0,0,0,0,0,0,0,0,0,0

1.216928,0,0,0,0,0,0,0,0,0,0,0,0,0,0,0,0,0,0

1.229162,0,0,0,0,0,0,0,0,0,0,0,0,0,0,0,0,0,0

1.243339,0,0,0,0,0,0,0,0,0,0,0,0,0,0,0,0,0,0

1.254052,0,0,0,0,0,0,0,0,0,0,0,0,0,0,0,0,0,0

1.266887,0,0,0,0,0,0,0,0,0,0,0,0,0,0,0,0,0,0

1.279452,0,0,0,0,0,0,0,0,0,0,0,0,0,0,0,0,0,0

1.291905,0,0,0,0,0,0,0,0,0,0,0,0,0,0,0,0,0,0

1.304339,0,0,0,0,0,0,0,0,0,0,0,0,0,0,0,0,0,0

1.31637,0,0,0,0,0,0,0,0,0,0,0,0,0,0,0,0,0,0

1.329539,0,0,0,0,0,0,0,0,0,0,0,0,0,0,0,0,0,0

1.341403,0,0,0,0,0,0,0,0,0,0,0,0,0,0,0,0,0,0

1.353825,0,0,0,0,0,0,0,0,0,0,0,0,0,0,0,0,0,0

1.366798,0,0,0,0,0,0,0,0,0,0,0,0,0,0,0,0,0,0

1.37914,0,0,0,0,0,0,0,0,0,0,0,0,0,0,0,0,0,0

1.391273,0,0,0,0,0,0,0,0,0,0,0,0,0,0,0,0,0,0

1.404365,0,0,0,0,0,0,0,0,0,0,0,0,0,0,0,0,0,0

1.416325,0,0,0,0,0,0,0,0,0,0,0,0,0,0,0,0,0,0

1.428807,0,0,0,0,0,0,0,0,0,0,0,0,0,0,0,0,0,0

1.441996,0,0,0,0,0,0,0,0,0,0,0,0,0,0,0,0,0,0

1.453906,0,0,0,0,0,0,0,0,0,0,0,0,0,0,0,0,0,0

1.46629,0,0,0,0,0,0,0,0,0,0,0,0,0,0,0,0,0,0

1.478891,0,0,0,0,0,0,0,0,0,0,0,0,0,0,0,0,0,0

1.491207,0,0,0,0,0,0,0,0,0,0,0,0,0,0,0,0,0,0

1.504081,0,0,0,0,0,0,0,0,0,0,0,0,0,0,0,0,0,0

1.516689,0,0,0,0,0,0,0,0,0,0,0,0,0,0,0,0,0,0

1.529005,0,0,0,0,0,0,0,0,0,0,0,0,0,0,0,0,0,0

1.541459,0,0,0,0,0,0,0,0,0,0,0,0,0,0,0,0,0,0

1.55394,0,0,0,0,0,0,0,0,0,0,0,0,0,0,0,0,0,0

1.566791,0,0,0,0,0,0,0,0,0,0,0,0,0,0,0,0,0,0

1.578807,0,0,0,0,0,0,0,0,0,0,0,0,0,0,0,0,0,0

1.591325,0,0,0,0,0,0,0,0,0,0,0,0,0,0,0,0,0,0

1.603684,0,0,0,0,0,0,0,0,0,0,0,0,0,0,0,0,0,0

1.616561,0,0,0,0,0,0,0,0,0,0,0,0,0,0,0,0,0,0

1.628978,0,0,0,0,0,0,0,0,0,0,0,0,0,0,0,0,0,0

1.641179,0,0,0,0,0,0,0,0,0,0,0,0,0,0,0,0,0,0

1.653792,0,0,0,0,0,0,0,0,0,0,0,0,0,0,0,0,0,0

1.666471,0,0,0,0,0,0,0,0,0,0,0,0,0,0,0,0,0,0

1.679348,0,0,0,0,0,0,0,0,0,0,0,0,0,0,0,0,0,0

1.691998,0,0,0,0,0,0,0,0,0,0,0,0,0,0,0,0,0,0

1.704248,0,0,0,0,0,0,0,0,0,0,0,0,0,0,0,0,0,0

1.717113,0,0,0,0,0,0,0,0,0,0,0,0,0,0,0,0,0,0

1.729192,0,0,0,0,0,0,0,0,0,0,0,0,0,0,0,0,0,0

1.741617,0,0,0,0,0,0,0,0,0,0,0,0,0,0,0,0,0,0

1.755112,0,0,0,0,0,0,0,0,0,0,0,0,0,0,0,0,0,0

1.76761,0,0,0,0,0,0,0,0,0,0,0,0,0,0,0,0,0,0

1.779449,0,0,0,0,0,0,0,0,0,0,0,0,0,0,0,0,0,0

1.791523,0,0,0,0,0,0,0,0,0,0,0,0,0,0,0,0,0,0

1.804434,0,0,0,0,0,0,0,0,0,0,0,0,0,0,0,0,0,0

1.81646,0,0,0,0,0,0,0,0,0,0,0,0,0,0,0,0,0,0

1.829012,0,0,0,0,0,0,0,0,0,0,0,0,0,0,0,0,0,0

1.841679,0,0,0,0,0,0,0,0,0,0,0,0,0,0,0,0,0,0

1.853757,0,0,0,0,0,0,0,0,0,0,0,0,0,0,0,0,0,0

1.866591,0,0,0,0,0,0,0,0,0,0,0,0,0,0,0,0,0,0

1.879541,0,0,0,0,0,0,0,0,0,0,0,0,0,0,0,0,0,0

1.891226,0,0,0,0,0,0,0,0,0,0,0,0,0,0,0,0,0,0

1.90406,0,0,0,0,0,0,0,0,0,0,0,0,0,0,0,0,0,0

1.917014,0,0,0,0,0,0,0,0,0,0,0,0,0,0,0,0,0,0

1.928635,0,0,0,0,0,0,0,0,0,0,0,0,0,0,0,0,0,0

1.941842,0,0,0,0,0,0,0,0,0,0,0,0,0,0,0,0,0,0

1.953816,0,0,0,0,0,0,0,0,0,0,0,0,0,0,0,0,0,0

1.966413,0,0,0,0,0,0,0,0,0,0,0,0,0,0,0,0,0,0

1.979643,0,0,0,0,0,0,0,0,0,0,0,0,0,0,0,0,0,0

1.991159,0,0,0,0,0,0,0,0,0,0,0,0,0,0,0,0,0,0

2.003529,0,0,0,0,0,0,0,0,0,0,0,0,0,0,0,0,0,0

2.016128,0,0,0,0,0,0,0,0,0,0,0,0,0,0,0,0,0,0

2.028827,0,0,0,0,0,0,0,0,0,0,0,0,0,0,0,0,0,0

2.041469,0,0,0,0,0,0,0,0,0,0,0,0,0,0,0,0,0,0

2.053602,0,0,0,0,0,0,0,0,0,0,0,0,0,0,0,0,0,0

2.066193,0,0,0,0,0,0,0,0,0,0,0,0,0,0,0,0,0,0

2.078673,0,0,0,0,0,0,0,0,0,0,0,0,0,0,0,0,0,0

2.09237,0,0,0,0,0,0,0,0,0,0,0,0,0,0,0,0,0,0

2.103748,0,0,0,0,0,0,0,0,0,0,0,0,0,0,0,0,0,0

2.116135,0,0,0,0,0,0,0,0,0,0,0,0,0,0,0,0,0,0

2.128734,0,0,0,0,0,0,0,0,0,0,0,0,0,0,0,0,0,0

2.141309,0,0,0,0,0,0,0,0,0,0,0,0,0,0,0,0,0,0

2.153642,0,0,0,0,0,0,0,0,0,0,0,0,0,0,0,0,0,0

2.166182,0,0,0,0,0,0,0,0,0,0,0,0,0,0,0,0,0,0

2.17857,0,0,0,0,0,0,0,0,0,0,0,0,0,0,0,0,0,0

2.191135,0,0,0,0,0,0,0,0,0,0,0,0,0,0,0,0,0,0

2.203876,0,0,0,0,0,0,0,0,0,0,0,0,0,0,0,0,0,0

2.216011,0,0,0,0,0,0,0,0,0,0,0,0,0,0,0,0,0,0

2.228735,0,0,0,0,0,0,0,0,0,0,0,0,0,0,0,0,0,0

2.24101,0,0,0,0,0,0,0,0,0,0,0,0,0,0,0,0,0,0

2.253776,0,0,0,0,0,0,0,0,0,0,0,0,0,0,0,0,0,0

2.266179,0,0,0,0,0,0,0,0,0,0,0,0,0,0,0,0,0,0

2.27866,0,0,0,0,0,0,0,0,0,0,0,0,0,0,0,0,0,0

2.29116,0,0,0,0,0,0,0,0,0,0,0,0,0,0,0,0,0,0

2.30396,0,0,0,0,0,0,0,0,0,0,0,0,0,0,0,0,0,0

2.316636,0,0,0,0,0,0,0,0,0,0,0,0,0,0,0,0,0,0

2.328609,0,0,0,0,0,0,0,0,0,0,0,0,0,0,0,0,0,0

2.341233,0,0,0,0,0,0,0,0,0,0,0,0,0,0,0,0,0,0

2.35353,0,0,0,0,0,0,0,0,0,0,0,0,0,0,0,0,0,0

2.366559,0,0,0,0,0,0,0,0,0,0,0,0,0,0,0,0,0,0

2.378958,0,0,0,0,0,0,0,0,0,0,0,0,0,0,0,0,0,0

2.391003,0,0,0,0,0,0,0,0,0,0,0,0,0,0,0,0,0,0

2.403403,0,0,0,0,0,0,0,0,0,0,0,0,0,0,0,0,0,0

2.416236,0,0,0,0,0,0,0,0,0,0,0,0,0,0,0,0,0,0

2.428715,0,0,0,0,0,0,0,0,0,0,0,0,0,0,0,0,0,0

2.441373,0,0,0,0,0,0,0,0,0,0,0,0,0,0,0,0,0,0

2.453533,0,0,0,0,0,0,0,0,0,0,0,0,0,0,0,0,0,0

2.466431,0,0,0,0,0,0,0,0,0,0,0,0,0,0,0,0,0,0

2.47865,0,0,0,0,0,0,0,0,0,0,0,0,0,0,0,0,0,0

2.491788,0,0,0,0,0,0,0,0,0,0,0,0,0,0,0,0,0,0

2.503537,0,0,0,0,0,0,0,0,0,0,0,0,0,0,0,0,0,0

2.515952,0,0,0,0,0,0,0,0,0,0,0,0,0,0,0,0,0,0

2.529055,0,0,0,0,0,0,0,0,0,0,0,0,0,0,0,0,0,0

2.541132,0,0,0,0,0,0,0,0,0,0,0,0,0,0,0,0,0,0

2.553445,0,0,0,0,0,0,0,0,0,0,0,0,0,0,0,0,0,0

2.566071,0,0,0,0,0,0,0,0,0,0,0,0,0,0,0,0,0,0

2.578488,0,0,0,0,0,0,0,0,0,0,0,0,0,0,0,0,0,0

2.591177,0,0,0,0,0,0,0,0,0,0,0,0,0,0,0,0,0,0

2.603445,0,0,0,0,0,0,0,0,0,0,0,0,0,0,0,0,0,0

2.616036,0,0,0,0,0,0,0,0,0,0,0,0,0,0,0,0,0,0

2.628682,0,0,0,0,0,0,0,0,0,0,0,0,0,0,0,0,0,0

2.641093,0,0,0,0,0,0,0,0,0,0,0,0,0,0,0,0,0,0

2.653476,0,0,0,0,0,0,0,0,0,0,0,0,0,0,0,0,0,0

2.665931,0,0,0,0,0,0,0,0,0,0,0,0,0,0,0,0,0,0

2.678401,0,0,0,0,0,0,0,0,0,0,0,0,0,0,0,0,0,0

2.69151,0,0,0,0,0,0,0,0,0,0,0,0,0,0,0,0,0,0

2.703486,0,0,0,0,0,0,0,0,0,0,0,0,0,0,0,0,0,0

2.716262,0,0,0,0,0,0,0,0,0,0,0,0,0,0,0,0,0,0

2.728477,0,0,0,0,0,0,0,0,0,0,0,0,0,0,0,0,0,0

2.740729,0,0,0,0,0,0,0,0,0,0,0,0,0,0,0,0,0,0

2.753476,0,0,0,0,0,0,0,0,0,0,0,0,0,0,0,0,0,0

2.766146,0,0,0,0,0,0,0,0,0,0,0,0,0,0,0,0,0,0

2.77853,0,0,0,0,0,0,0,0,0,0,0,0,0,0,0,0,0,0

2.790967,0,0,0,0,0,0,0,0,0,0,0,0,0,0,0,0,0,0

2.80332,0,0,0,0,0,0,0,0,0,0,0,0,0,0,0,0,0,0

2.816191,0,0,0,0,0,0,0,0,0,0,0,0,0,0,0,0,0,0

2.828553,0,0,0,0,0,0,0,0,0,0,0,0,0,0,0,0,0,0

2.840896,0,0,0,0,0,0,0,0,0,0,0,0,0,0,0,0,0,0

2.853608,0,0,0,0,0,0,0,0,0,0,0,0,0,0,0,0,0,0

2.865929,0,0,0,0,0,0,0,0,0,0,0,0,0,0,0,0,0,0

2.878559,0,0,0,0,0,0,0,0,0,0,0,0,0,0,0,0,0,0

2.891015,0,0,0,0,0,0,0,0,0,0,0,0,0,0,0,0,0,0

2.90339,0,0,0,0,0,0,0,0,0,0,0,0,0,0,0,0,0,0

2.916068,0,0,0,0,0,0,0,0,0,0,0,0,0,0,0,0,0,0

2.928291,0,0,0,0,0,0,0,0,0,0,0,0,0,0,0,0,0,0

2.941118,0,0,0,0,0,0,0,0,0,0,0,0,0,0,0,0,0,0

2.953371,0,0,0,0,0,0,0,0,0,0,0,0,0,0,0,0,0,0

2.966412,0,0,0,0,0,0,0,0,0,0,0,0,0,0,0,0,0,0

2.978278,0,0,0,0,0,0,0,0,0,0,0,0,0,0,0,0,0,0

2.991319,0,0,0,0,0,0,0,0,0,0,0,0,0,0,0,0,0,0

3.00445,0,0,0,0,0,0,0,0,0,0,0,0,0,0,0,0,0,0

3.016473,0,0,0,0,0,0,0,0,0,0,0,0,0,0,0,0,0,0

3.028623,0,0,0,0,0,0,0,0,0,0,0,0,0,0,0,0,0,0

3.040783,0,0,0,0,0,0,0,0,0,0,0,0,0,0,0,0,0,0

3.053341,0,0,0,0,0,0,0,0,0,0,0,0,0,0,0,0,0,0

3.066068,0,0,0,0,0,0,0,0,0,0,0,0,0,0,0,0,0,0

3.078535,0,0,0,0,0,0,0,0,0,0,0,0,0,0,0,0,0,0

3.09124,0,0,0,0,0,0,0,0,0,0,0,0,0,0,0,0,0,0

3.103272,0,0,0,0,0,0,0,0,0,0,0,0,0,0,0,0,0,0

3.116402,0,0,0,0,0,0,0,0,0,0,0,0,0,0,0,0,0,0

3.128625,0,0,0,0,0,0,0,0,0,0,0,0,0,0,0,0,0,0

3.140826,0,0,0,0,0,0,0,0,0,0,0,0,0,0,0,0,0,0

3.153609,0,0,0,0,0,0,0,0,0,0,0,0,0,0,0,0,0,0

3.166194,0,0,0,0,0,0,0,0,0,0,0,0,0,0,0,0,0,0

3.178224,0,0,0,0,0,0,0,0,0,0,0,0,0,0,0,0,0,0

3.190618,0,0,0,0,0,0,0,0,0,0,0,0,0,0,0,0,0,0

3.20326,0,0,0,0,0,0,0,0,0,0,0,0,0,0,0,0,0,0

3.216128,0,0,0,0,0,0,0,0,0,0,0,0,0,0,0,0,0,0

3.228712,0,0,0,0,0,0,0,0,0,0,0,0,0,0,0,0,0,0

3.240935,0,0,0,0,0,0,0,0,0,0,0,0,0,0,0,0,0,0

3.253377,0,0,0,0,0,0,0,0,0,0,0,0,0,0,0,0,0,0

3.265817,0,0,0,0,0,0,0,0,0,0,0,0,0,0,0,0,0,0

3.278266,0,0,0,0,0,0,0,0,0,0,0,0,0,0,0,0,0,0

3.290758,0,0,0,0,0,0,0,0,0,0,0,0,0,0,0,0,0,0

3.30337,0,0,0,0,0,0,0,0,0,0,0,0,0,0,0,0,0,0

3.316572,0,0,0,0,0,0,0,0,0,0,0,0,0,0,0,0,0,0

3.328184,0,0,0,0,0,0,0,0,0,0,0,0,0,0,0,0,0,0

3.340953,0,0,0,0,0,0,0,0,0,0,0,0,0,0,0,0,0,0

3.353201,0,0,0,0,0,0,0,0,0,0,0,0,0,0,0,0,0,0

3.365939,0,0,0,0,0,0,0,0,0,0,0,0,0,0,0,0,0,0

3.378332,0,0,0,0,0,0,0,0,0,0,0,0,0,0,0,0,0,0

3.390827,0,0,0,0,0,0,0,0,0,0,0,0,0,0,0,0,0,0

3.403449,0,0,0,0,0,0,0,0,0,0,0,0,0,0,0,0,0,0

3.415792,0,0,0,0,0,0,0,0,0,0,0,0,0,0,0,0,0,0

3.428206,0,0,0,0,0,0,0,0,0,0,0,0,0,0,0,0,0,0

3.440725,0,0,0,0,0,0,0,0,0,0,0,0,0,0,0,0,0,0

3.453446,0,0,0,0,0,0,0,0,0,0,0,0,0,0,0,0,0,0

3.465778,0,0,0,0,0,0,0,0,0,0,0,0,0,0,0,0,0,0

3.478396,0,0,0,0,0,0,0,0,0,0,0,0,0,0,0,0,0,0

3.490737,0,0,0,0,0,0,0,0,0,0,0,0,0,0,0,0,0,0

3.503578,0,0,0,0,0,0,0,0,0,0,0,0,0,0,0,0,0,0

3.516063,0,0,0,0,0,0,0,0,0,0,0,0,0,0,0,0,0,0

3.528153,0,0,0,0,0,0,0,0,0,0,0,0,0,0,0,0,0,0

3.540722,0,0,0,0,0,0,0,0,0,0,0,0,0,0,0,0,0,0

3.553211,0,0,0,0,0,0,0,0,0,0,0,0,0,0,0,0,0,0

3.56592,0,0,0,0,0,0,0,0,0,0,0,0,0,0,0,0,0,0

3.578276,0,0,0,0,0,0,0,0,0,0,0,0,0,0,0,0,0,0

3.590545,0,0,0,0,0,0,0,0,0,0,0,0,0,0,0,0,0,0

3.60303,0,0,0,0,0,0,0,0,0,0,0,0,0,0,0,0,0,0

3.615863,0,0,0,0,0,0,0,0,0,0,0,0,0,0,0,0,0,0

3.628865,0,0,0,0,0,0,0,0,0,0,0,0,0,0,0,0,0,0

3.640667,0,0,0,0,0,0,0,0,0,0,0,0,0,0,0,0,0,0

3.653115,0,0,0,0,0,0,0,0,0,0,0,0,0,0,0,0,0,0

3.665684,0,0,0,0,0,0,0,0,0,0,0,0,0,0,0,0,0,0

3.678246,0,0,0,0,0,0,0,0,0,0,0,0,0,0,0,0,0,0

3.690954,0,0,0,0,0,0,0,0,0,0,0,0,0,0,0,0,0,0

3.703057,0,0,0,0,0,0,0,0,0,0,0,0,0,0,0,0,0,0

3.715853,0,0,0,0,0,0,0,0,0,0,0,0,0,0,0,0,0,0

3.728097,0,0,0,0,0,0,0,0,0,0,0,0,0,0,0,0,0,0

3.740617,0,0,0,0,0,0,0,0,0,0,0,0,0,0,0,0,0,0

3.75305,0,0,0,0,0,0,0,0,0,0,0,0,0,0,0,0,0,0

3.765693,0,0,0,0,0,0,0,0,0,0,0,0,0,0,0,0,0,0

3.777963,0,0,0,0,0,0,0,0,0,0,0,0,0,0,0,0,0,0

3.790955,0,0,0,0,0,0,0,0,0,0,0,0,0,0,0,0,0,0

3.802998,0,0,0,0,0,0,0,0,0,0,0,0,0,0,0,0,0,0

3.815777,0,0,0,0,0,0,0,0,0,0,0,0,0,0,0,0,0,0

3.827959,0,0,0,0,0,0,0,0,0,0,0,0,0,0,0,0,0,0

3.84064,0,0,0,0,0,0,0,0,0,0,0,0,0,0,0,0,0,0

3.853235,0,0,0,0,0,0,0,0,0,0,0,0,0,0,0,0,0,0

3.865634,0,0,0,0,0,0,0,0,0,0,0,0,0,0,0,0,0,0

3.878858,0,0,0,0,0,0,0,0,0,0,0,0,0,0,0,0,0,0

3.890589,0,0,0,0,0,0,0,0,0,0,0,0,0,0,0,0,0,0

3.903077,0,0,0,0,0,0,0,0,0,0,0,0,0,0,0,0,0,0

3.915733,0,0,0,0,0,0,0,0,0,0,0,0,0,0,0,0,0,0

3.928377,0,0,0,0,0,0,0,0,0,0,0,0,0,0,0,0,0,0

3.940892,0,0,0,0,0,0,0,0,0,0,0,0,0,0,0,0,0,0

3.95312,0,0,0,0,0,0,0,0,0,0,0,0,0,0,0,0,0,0

3.965534,0,0,0,0,0,0,0,0,0,0,0,0,0,0,0,0,0,0

3.978174,0,0,0,0,0,0,0,0,0,0,0,0,0,0,0,0,0,0

3.990408,0,0,0,0,0,0,0,0,0,0,0,0,0,0,0,0,0,0

4.00303,0,0,0,0,0,0,0,0,0,0,0,0,0,0,0,0,0,0

4.015709,0,0,0,0,0,0,0,0,0,0,0,0,0,0,0,0,0,0

4.028407,0,0,0,0,0,0,0,0,0,0,0,0,0,0,0,0,0,0

4.041044,0,0,0,0,0,0,0,0,0,0,0,0,0,0,0,0,0,0

4.053005,0,0,0,0,0,0,0,0,0,0,0,0,0,0,0,0,0,0

4.065878,0,0,0,0,0,0,0,0,0,0,0,0,0,0,0,0,0,0

4.07817,0,0,0,0,0,0,0,0,0,0,0,0,0,0,0,0,0,0

4.091053,0,0,0,0,0,0,0,0,0,0,0,0,0,0,0,0,0,0

4.102973,0,0,0,0,0,0,0,0,0,0,0,0,0,0,0,0,0,0

4.116086,0,0,0,0,0,0,0,0,0,0,0,0,0,0,0,0,0,0

4.128062,0,0,0,0,0,0,0,0,0,0,0,0,0,0,0,0,0,0

4.140623,0,0,0,0,0,0,0,0,0,0,0,0,0,0,0,0,0,0

4.153108,0,0,0,0,0,0,0,0,0,0,0,0,0,0,0,0,0,0

4.165573,0,0,0,0,0,0,0,0,0,0,0,0,0,0,0,0,0,0

4.177996,0,0,0,0,0,0,0,0,0,0,0,0,0,0,0,0,0,0

4.190613,0,0,0,0,0,0,0,0,0,0,0,0,0,0,0,0,0,0

4.203016,0,0,0,0,0,0,0,0,0,0,0,0,0,0,0,0,0,0

4.215941,0,0,0,0,0,0,0,0,0,0,0,0,0,0,0,0,0,0

4.228029,0,0,0,0,0,0,0,0,0,0,0,0,0,0,0,0,0,0

4.240477,0,0,0,0,0,0,0,0,0,0,0,0,0,0,0,0,0,0

4.253135,0,0,0,0,0,0,0,0,0,0,0,0,0,0,0,0,0,0

4.265282,0,0,0,0,0,0,0,0,0,0,0,0,0,0,0,0,0,0

4.27793,0,0,0,0,0,0,0,0,0,0,0,0,0,0,0,0,0,0

4.290654,0,0,0,0,0,0,0,0,0,0,0,0,0,0,0,0,0,0

4.303073,0,0,0,0,0,0,0,0,0,0,0,0,0,0,0,0,0,0

4.316256,0,0,0,0,0,0,0,0,0,0,0,0,0,0,0,0,0,0

4.328106,0,0,0,0,0,0,0,0,0,0,0,0,0,0,0,0,0,0

4.340399,0,0,0,0,0,0,0,0,0,0,0,0,0,0,0,0,0,0

4.352842,0,0,0,0,0,0,0,0,0,0,0,0,0,0,0,0,0,0

4.365509,0,0,0,0,0,0,0,0,0,0,0,0,0,0,0,0,0,0

4.377962,0,0,0,0,0,0,0,0,0,0,0,0,0,0,0,0,0,0

4.390404,0,0,0,0,0,0,0,0,0,0,0,0,0,0,0,0,0,0

4.403254,0,0,0,0,0,0,0,0,0,0,0,0,0,0,0,0,0,0

4.41537,0,0,0,0,0,0,0,0,0,0,0,0,0,0,0,0,0,0

4.428614,0,0,0,0,0,0,0,0,0,0,0,0,0,0,0,0,0,0

4.440371,0,0,0,0,0,0,0,0,0,0,0,0,0,0,0,0,0,0

4.452957,0,0,0,0,0,0,0,0,0,0,0,0,0,0,0,0,0,0

4.465371,0,0,0,0,0,0,0,0,0,0,0,0,0,0,0,0,0,0

4.477856,0,0,0,0,0,0,0,0,0,0,0,0,0,0,0,0,0,0

4.490843,0,0,0,0,0,0,0,0,0,0,0,0,0,0,0,0,0,0

4.503051,0,0,0,0,0,0,0,0,0,0,0,0,0,0,0,0,0,0

4.515609,0,0,0,0,0,0,0,0,0,0,0,0,0,0,0,0,0,0

4.527745,0,0,0,0,0,0,0,0,0,0,0,0,0,0,0,0,0,0

4.540447,0,0,0,0,0,0,0,0,0,0,0,0,0,0,0,0,0,0

4.553458,0,0,0,0,0,0,0,0,0,0,0,0,0,0,0,0,0,0

4.565875,0,0,0,0,0,0,0,0,0,0,0,0,0,0,0,0,0,0

4.595128,0,0,0,0,0,0,0,0,0,0,0,0,0,0,0,0,0,0

4.601631,0,0,0,0,0,0,0,0,0,0,0,0,0,0,0,0,0,0

4.608789,0,0,0,0,0,0,0,0,0,0,0,0,0,0,0,0,0,0

4.620317,0,0,0,0,0,0,0,0,0,0,0,0,0,0,0,0,0,0

4.632424,0,0,0,0,0,0,0,0,0,0,0,0,0,0,0,0,0,0

4.644193,0,0,0,0,0,0,0,0,0,0,0,0,0,0,0,0,0,0

4.655954,0,0,0,0,0,0,0,0,0,0,0,0,0,0,0,0,0,0

4.668271,0,0,0,0,0,0,0,0,0,0,0,0,0,0,0,0,0,0

4.680109,0,0,0,0,0,0,0,0,0,0,0,0,0,0,0,0,0,0

4.692137,0,0,0,0,0,0,0,0,0,0,0,0,0,0,0,0,0,0

4.714298,0,0,0,0,0,0,0,0,0,0,0,0,0,0,0,0,0,0

4.720606,0,0,0,0,0,0,0,0,0,0,0,0,0,0,0,0,0,0

4.729064,0,0,0,0,0,0,0,0,0,0,0,0,0,0,0,0,0,0

4.741035,0,0,0,0,0,0,0,0,0,0,0,0,0,0,0,0,0,0

4.753326,0,0,0,0,0,0,0,0,0,0,0,0,0,0,0,0,0,0

4.765969,0,0,0,0,0,0,0,0,0,0,0,0,0,0,0,0,0,0

4.778365,0,0,0,0,0,0,0,0,0,0,0,0,0,0,0,0,0,0

4.790597,0,0,0,0,0,0,0,0,0,0,0,0,0,0,0,0,0,0

4.803154,0,0,0,0,0,0,0,0,0,0,0,0,0,0,0,0,0,0

4.830584,0,0,0,0,0,0,0,0,0,0,0,0,0,0,0,0,0,0

4.836215,0,0,0,0,0,0,0,0,0,0,0,0,0,0,0,0,0,0

4.841434,0,0,0,0,0,0,0,0,0,0,0,0,0,0,0,0,0,0

4.853921,0,0,0,0,0,0,0,0,0,0,0,0,0,0,0,0,0,0

4.866919,0,0,0,0,0,0,0,0,0,0,0,0,0,0,0,0,0,0

4.878828,0,0,0,0,0,0,0,0,0,0,0,0,0,0,0,0,0,0

4.891434,0,0,0,0,0,0,0,0,0,0,0,0,0,0,0,0,0,0

4.903767,0,0,0,0,0,0,0,0,0,0,0,0,0,0,0,0,0,0

4.916356,0,0,0,0,0,0,0,0,0,0,0,0,0,0,0,0,0,0

4.928359,0,0,0,0,0,0,0,0,0,0,0,0,0,0,0,0,0,0

4.941005,0,0,0,0,0,0,0,0,0,0,0,0,0,0,0,0,0,0

4.953264,0,0,0,0,0,0,0,0,0,0,0,0,0,0,0,0,0,0

4.965717,0,0,0,0,0,0,0,0,0,0,0,0,0,0,0,0,0,0

4.988581,0,0,0,0,0,0,0,0,0,0,0,0,0,0,0,0,0,0

4.994481,0,0,0,0,0,0,0,0,0,0,0,0,0,0,0,0,0,0

5.003252,0,0,0,0,0,0,0,0,0,0,0,0,0,0,0,0,0,0

5.015294,0,0,0,0,0,0,0,0,0,0,0,0,0,0,0,0,0,0

5.027925,0,0,0,0,0,0,0,0,0,0,0,0,0,0,0,0,0,0

5.040119,0,0,0,0,0,0,0,0,0,0,0,0,0,0,0,0,0,0

5.052834,0,0,0,0,0,0,0,0,0,0,0,0,0,0,0,0,0,0

5.065433,0,0,0,0,0,0,0,0,0,0,0,0,0,0,0,0,0,0

5.07791,0,0,0,0,0,0,0,0,0,0,0,0,0,0,0,0,0,0

5.090433,0,0,0,0,0,0,0,0,0,0,0,0,0,0,0,0,0,0

5.102917,0,0,0,0,0,0,0,0,0,0,0,0,0,0,0,0,0,0

5.115609,0,0,0,0,0,0,0,0,0,0,0,0,0,0,0,0,0,0

5.128183,0,0,0,0,0,0,0,0,0,0,0,0,0,0,0,0,0,0

5.140659,0,0,0,0,0,0,0,0,0,0,0,0,0,0,0,0,0,0

5.153088,0,0,0,0,0,0,0,0,0,0,0,0,0,0,0,0,0,0

5.165758,0,0,0,0,0,0,0,0,0,0,0,0,0,0,0,0,0,0

5.178695,0,0,0,0,0,0,0,0,0,0,0,0,0,0,0,0,0,0

5.190647,0,0,0,0,0,0,0,0,0,0,0,0,0,0,0,0,0,0

5.203038,0,0,0,0,0,0,0,0,0,0,0,0,0,0,0,0,0,0

5.215594,0,0,0,0,0,0,0,0,0,0,0,0,0,0,0,0,0,0

5.228422,0,0,0,0,0,0,0,0,0,0,0,0,0,0,0,0,0,0

5.240685,0,0,0,0,0,0,0,0,0,0,0,0,0,0,0,0,0,0

5.263302,0,0,0,0,0,0,0,0,0,0,0,0,0,0,0,0,0,0

5.269218,0,0,0,0,0,0,0,0,0,0,0,0,0,0,0,0,0,0

5.278205,0,0,0,0,0,0,0,0,0,0,0,0,0,0,0,0,0,0

5.290593,0,0,0,0,0,0,0,0,0,0,0,0,0,0,0,0,0,0

5.302613,0,0,0,0,0,0,0,0,0,0,0,0,0,0,0,0,0,0

5.315653,0,0,0,0,0,0,0,0,0,0,0,0,0,0,0,0,0,0

5.327774,0,0,0,0,0,0,0,0,0,0,0,0,0,0,0,0,0,0

5.341157,0,0,0,0,0,0,0,0,0,0,0,0,0,0,0,0,0,0

5.353183,0,0,0,0,0,0,0,0,0,0,0,0,0,0,0,0,0,0

5.375506,0,0,0,0,0,0,0,0,0,0,0,0,0,0,0,0,0,0

5.381476,0,0,0,0,0,0,0,0,0,0,0,0,0,0,0,0,0,0

5.390638,0,0,0,0,0,0,0,0,0,0,0,0,0,0,0,0,0,0

5.403275,0,0,0,0,0,0,0,0,0,0,0,0,0,0,0,0,0,0

5.415565,0,0,0,0,0,0,0,0,0,0,0,0,0,0,0,0,0,0

5.436962,0,0,0,0,0,0,0,0,0,0,0,0,0,0,0,0,0,0

5.442824,0,0,0,0,0,0,0,0,0,0,0,0,0,0,0,0,0,0

5.453174,0,0,0,0,0,0,0,0,0,0,0,0,0,0,0,0,0,0

5.465312,0,0,0,0,0,0,0,0,0,0,0,0,0,0,0,0,0,0

5.486419,0,0,0,0,0,0,0,0,0,0,0,0,0,0,0,0,0,0

5.492342,0,0,0,0,0,0,0,0,0,0,0,0,0,0,0,0,0,0

5.502977,0,0,0,0,0,0,0,0,0,0,0,0,0,0,0,0,0,0

5.524641,0,0,0,0,0,0,0,0,0,0,0,0,0,0,0,0,0,0

5.530098,0,0,0,0,0,0,0,0,0,0,0,0,0,0,0,0,0,0

5.540602,0,0,0,0,0,0,0,0,0,0,0,0,0,0,0,0,0,0

5.56126,0,0,0,0,0,0,0,0,0,0,0,0,0,0,0,0,0,0

5.566949,0,0,0,0,0,0,0,0,0,0,0,0,0,0,0,0,0,0

5.578434,0,0,0,0,0,0,0,0,0,0,0,0,0,0,0,0,0,0

5.599158,0,0,0,0,0,0,0,0,0,0,0,0,0,0,0,0,0,0

5.605136,0,0,0,0,0,0,0,0,0,0,0,0,0,0,0,0,0,0

5.615849,0,0,0,0,0,0,0,0,0,0,0,0,0,0,0,0,0,0

5.628754,0,0,0,0,0,0,0,0,0,0,0,0,0,0,0,0,0,0

5.649785,0,0,0,0,0,0,0,0,0,0,0,0,0,0,0,0,0,0

5.654326,0,0,0,0,0,0,0,0,0,0,0,0,0,0,0,0,0,0

5.666,0,0,0,0,0,0,0,0,0,0,0,0,0,0,0,0,0,0

5.678686,0,0,0,0,0,0,0,0,0,0,0,0,0,0,0,0,0,0

5.691631,0,0,0,0,0,0,0,0,0,0,0,0,0,0,0,0,0,0

5.717678,0,0,0,0,0,0,0,0,0,0,0,0,0,0,0,0,0,0

5.722561,0,0,0,0,0,0,0,0,0,0,0,0,0,0,0,0,0,0

5.728462,0,0,0,0,0,0,0,0,0,0,0,0,0,0,0,0,0,0

5.742003,0,0,0,0,0,0,0,0,0,0,0,0,0,0,0,0,0,0

5.76371,0,0,0,0,0,0,0,0,0,0,0,0,0,0,0,0,0,0

5.769348,0,0,0,0,0,0,0,0,0,0,0,0,0,0,0,0,0,0

5.779283,0,0,0,0,0,0,0,0,0,0,0,0,0,0,0,0,0,0

5.800711,0,0,0,0,0,0,0,0,0,0,0,0,0,0,0,0,0,0

5.805867,0,0,0,0,0,0,0,0,0,0,0,0,0,0,0,0,0,0

5.816372,0,0,0,0,0,0,0,0,0,0,0,0,0,0,0,0,0,0

5.837758,0,0,0,0,0,0,0,0,0,0,0,0,0,0,0,0,0,0

5.842904,0,0,0,0,0,0,0,0,0,0,0,0,0,0,0,0,0,0

5.853712,0,0,0,0,0,0,0,0,0,0,0,0,0,0,0,0,0,0

5.875121,0,0,0,0,0,0,0,0,0,0,0,0,0,0,0,0,0,0

5.880562,0,0,0,0,0,0,0,0,0,0,0,0,0,0,0,0,0,0

5.890895,0,0,0,0,0,0,0,0,0,0,0,0,0,0,0,0,0,0

5.911429,0,0,0,0,0,0,0,0,0,0,0,0,0,0,0,0,0,0

5.916656,0,0,0,0,0,0,0,0,0,0,0,0,0,0,0,0,0,0

5.929031,0,0,0,0,0,0,0,0,0,0,0,0,0,0,0,0,0,0

5.94978,0,0,0,0,0,0,0,0,0,0,0,0,0,0,0,0,0,0

5.956065,0,0,0,0,0,0,0,0,0,0,0,0,0,0,0,0,0,0

5.965855,0,0,0,0,0,0,0,0,0,0,0,0,0,0,0,0,0,0

5.987498,0,0,0,0,0,0,0,0,0,0,0,0,0,0,0,0,0,0

5.992951,0,0,0,0,0,0,0,0,0,0,0,0,0,0,0,0,0,0

6.003291,0,0,0,0,0,0,0,0,0,0,0,0,0,0,0,0,0,0

6.016129,0,0,0,0,0,0,0,0,0,0,0,0,0,0,0,0,0,0

6.037613,0,0,0,0,0,0,0,0,0,0,0,0,0,0,0,0,0,0

6.043934,0,0,0,0,0,0,0,0,0,0,0,0,0,0,0,0,0,0

6.053951,0,0,0,0,0,0,0,0,0,0,0,0,0,0,0,0,0,0

6.065898,0,0,0,0,0,0,0,0,0,0,0,0,0,0,0,0,0,0

6.092617,0,0,0,0,0,0,0,0,0,0,0,0,0,0,0,0,0,0

6.097525,0,0,0,0,0,0,0,0,0,0,0,0,0,0,0,0,0,0

6.103364,0,0,0,0,0,0,0,0,0,0,0,0,0,0,0,0,0,0

6.11746,0,0,0,0,0,0,0,0,0,0,0,0,0,0,0,0,0,0

6.129804,0,0,0,0,0,0,0,0,0,0,0,0,0,0,0,0,0,0

6.151199,0,0,0,0,0,0,0,0,0,0,0,0,0,0,0,0,0,0

6.157492,0,0,0,0,0,0,0,0,0,0,0,0,0,0,0,0,0,0

6.166738,0,0,0,0,0,0,0,0,0,0,0,0,0,0,0,0,0,0

6.178599,0,0,0,0,0,0,0,0,0,0,0,0,0,0,0,0,0,0

6.191785,0,0,0,0,0,0,0,0,0,0,0,0,0,0,0,0,0,0

6.204051,0,0,0,0,0,0,0,0,0,0,0,0,0,0,0,0,0,0

6.225181,0,0,0,0,0,0,0,0,0,0,0,0,0,0,0,0,0,0

6.230181,0,0,0,0,0,0,0,0,0,0,0,0,0,0,0,0,0,0

6.241124,0,0,0,0,0,0,0,0,0,0,0,0,0,0,0,0,0,0

6.253839,0,0,0,0,0,0,0,0,0,0,0,0,0,0,0,0,0,0

6.266759,0,0,0,0,0,0,0,0,0,0,0,0,0,0,0,0,0,0

6.287788,0,0,0,0,0,0,0,0,0,0,0,0,0,0,0,0,0,0

6.292787,0,0,0,0,0,0,0,0,0,0,0,0,0,0,0,0,0,0

6.303553,0,0,0,0,0,0,0,0,0,0,0,0,0,0,0,0,0,0

6.316353,0,0,0,0,0,0,0,0,0,0,0,0,0,0,0,0,0,0

6.328681,0,0,0,0,0,0,0,0,0,0,0,0,0,0,0,0,0,0

6.35077,0,0,0,0,0,0,0,0,0,0,0,0,0,0,0,0,0,0

6.356483,0,0,0,0,0,0,0,0,0,0,0,0,0,0,0,0,0,0

6.36658,0,0,0,0,0,0,0,0,0,0,0,0,0,0,0,0,0,0

6.378901,0,0,0,0,0,0,0,0,0,0,0,0,0,0,0,0,0,0

6.391067,0,0,0,0,0,0,0,0,0,0,0,0,0,0,0,0,0,0

6.413137,0,0,0,0,0,0,0,0,0,0,0,0,0,0,0,0,0,0

6.418555,0,0,0,0,0,0,0,0,0,0,0,0,0,0,0,0,0,0

6.428664,0,0,0,0,0,0,0,0,0,0,0,0,0,0,0,0,0,0

6.441404,0,0,0,0,0,0,0,0,0,0,0,0,0,0,0,0,0,0

6.453547,0,0,0,0,0,0,0,0,0,0,0,0,0,0,0,0,0,0

6.466541,0,0,0,0,0,0,0,0,0,0,0,0,0,0,0,0,0,0

6.487251,0,0,0,0,0,0,0,0,0,0,0,0,0,0,0,0,0,0

6.492287,0,0,0,0,0,0,0,0,0,0,0,0,0,0,0,0,0,0

6.50364,0,0,0,0,0,0,0,0,0,0,0,0,0,0,0,0,0,0

6.516409,0,0,0,0,0,0,0,0,0,0,0,0,0,0,0,0,0,0

6.528757,0,0,0,0,0,0,0,0,0,0,0,0,0,0,0,0,0,0

6.541329,0,0,0,0,0,0,0,0,0,0,0,0,0,0,0,0,0,0

6.554478,0,0,0,0,0,0,0,0,0,0,0,0,0,0,0,0,0,0

6.575057,0,0,0,0,0,0,0,0,0,0,0,0,0,0,0,0,0,0

6.580476,0,0,0,0,0,0,0,0,0,0,0,0,0,0,0,0,0,0

6.591814,0,0,0,0,0,0,0,0,0,0,0,0,0,0,0,0,0,0

6.604449,0,0,0,0,0,0,0,0,0,0,0,0,0,0,0,0,0,0

6.61657,0,0,0,0,0,0,0,0,0,0,0,0,0,0,0,0,0,0

6.628767,0,0,0,0,0,0,0,0,0,0,0,0,0,0,0,0,0,0

6.641319,0,0,0,0,0,0,0,0,0,0,0,0,0,0,0,0,0,0

6.653826,0,0,0,0,0,0,0,0,0,0,0,0,0,0,0,0,0,0

6.66665,0,0,0,0,0,0,0,0,0,0,0,0,0,0,0,0,0,0

6.679437,0,0,0,0,0,0,0,0,0,0,0,0,0,0,0,0,0,0

6.691739,0,0,0,0,0,0,0,0,0,0,0,0,0,0,0,0,0,0

6.70391,0,0,0,0,0,0,0,0,0,0,0,0,0,0,0,0,0,0

6.716971,0,0,0,0,0,0,0,0,0,0,0,0,0,0,0,0,0,0

6.728876,0,0,0,0,0,0,0,0,0,0,0,0,0,0,0,0,0,0

6.757236,0,0,0,0,0,0,0,0,0,0,0,0,0,0,0,0,0,0

6.761957,0,0,0,0,0,0,0,0,0,0,0,0,0,0,0,0,0,0

6.76737,0,0,0,0,0,0,0,0,0,0,0,0,0,0,0,0,0,0

6.78079,0,0,0,0,0,0,0,0,0,0,0,0,0,0,0,0,0,0

6.792509,0,0,0,0,0,0,0,0,0,0,0,0,0,0,0,0,0,0

6.804773,0,0,0,0,0,0,0,0,0,0,0,0,0,0,0,0,0,0

6.817511,0,0,0,0,0,0,0,0,0,0,0,0,0,0,0,0,0,0

6.829566,0,0,0,0,0,0,0,0,0,0,0,0,0,0,0,0,0,0

6.842059,0,0,0,0,0,0,0,0,0,0,0,0,0,0,0,0,0,0

6.854259,0,0,0,0,0,0,0,0,0,0,0,0,0,0,0,0,0,0

6.866903,0,0,0,0,0,0,0,0,0,0,0,0,0,0,0,0,0,0

6.87921,0,0,0,0,0,0,0,0,0,0,0,0,0,0,0,0,0,0

6.891779,0,0,0,0,0,0,0,0,0,0,0,0,0,0,0,0,0,0

6.904192,0,0,0,0,0,0,0,0,0,0,0,0,0,0,0,0,0,0

6.917031,0,0,0,0,0,0,0,0,0,0,0,0,0,0,0,0,0,0

6.929008,0,0,0,0,0,0,0,0,0,0,0,0,0,0,0,0,0,0

6.941594,0,0,0,0,0,0,0,0,0,0,0,0,0,0,0,0,0,0

6.954046,0,0,0,0,0,0,0,0,0,0,0,0,0,0,0,0,0,0

6.96654,0,0,0,0,0,0,0,0,0,0,0,0,0,0,0,0,0,0

6.979016,0,0,0,0,0,0,0,0,0,0,0,0,0,0,0,0,0,0

6.991269,0,0,0,0,0,0,0,0,0,0,0,0,0,0,0,0,0,0

7.004123,0,0,0,0,0,0,0,0,0,0,0,0,0,0,0,0,0,0

7.026461,0,0,0,0,0,0,0,0,0,0,0,0,0,0,0,0,0,0

7.032095,0,0,0,0,0,0,0,0,0,0,0,0,0,0,0,0,0,0

7.04205,0,0,0,0,0,0,0,0,0,0,0,0,0,0,0,0,0,0

7.054195,0,0,0,0,0,0,0,0,0,0,0,0,0,0,0,0,0,0

7.067486,0,0,0,0,0,0,0,0,0,0,0,0,0,0,0,0,0,0

7.079357,0,0,0,0,0,0,0,0,0,0,0,0,0,0,0,0,0,0

7.10098,0,0,0,0,0,0,0,0,0,0,0,0,0,0,0,0,0,0

7.105674,0,0,0,0,0,0,0,0,0,0,0,0,0,0,0,0,0,0

7.117197,0,0,0,0,0,0,0,0,0,0,0,0,0,0,0,0,0,0

7.129385,0,0,0,0,0,0,0,0,0,0,0,0,0,0,0,0,0,0

7.142054,0,0,0,0,0,0,0,0,0,0,0,0,0,0,0,0,0,0

7.163116,0,0,0,0,0,0,0,0,0,0,0,0,0,0,0,0,0,0

7.168426,0,0,0,0,0,0,0,0,0,0,0,0,0,0,0,0,0,0

7.179574,0,0,0,0,0,0,0,0,0,0,0,0,0,0,0,0,0,0

7.2014,0,0,0,0,0,0,0,0,0,0,0,0,0,0,0,0,0,0

7.211984,0,0,0,0,0,0,0,0,0,0,0,0,0,0,0,0,0,0

7.226165,0,0,0,0,0,0,0,0,0,0,0,0,0,0,0,0,0,0

7.23143,0,0,0,0,0,0,0,0,0,0,0,0,0,0,0,0,0,0

7.251658,0,0,0,0,0,0,0,0,0,0,0,0,0,0,0,0,0,0

7.257181,0,0,0,0,0,0,0,0,0,0,0,0,0,0,0,0,0,0

7.277648,0,0,0,0,0,0,0,0,0,0,0,0,0,0,0,0,0,0

7.283484,0,0,0,0,0,0,0,0,0,0,0,0,0,0,0,0,0,0

7.302063,0,0,0,0,0,0,0,0,0,0,0,0,0,0,0,0,0,0

7.307259,0,0,0,0,0,0,0,0,0,0,0,0,0,0,0,0,0,0

7.325391,0,0,0,0,0,0,0,0,0,0,0,0,0,0,0,0,0,0

7.329981,0,0,0,0,0,0,0,0,0,0,0,0,0,0,0,0,0,0

7.351076,0,0,0,0,0,0,0,0,0,0,0,0,0,0,0,0,0,0

7.356338,0,0,0,0,0,0,0,0,0,0,0,0,0,0,0,0,0,0

7.375814,0,0,0,0,0,0,0,0,0,0,0,0,0,0,0,0,0,0

7.382277,0,0,0,0,0,0,0,0,0,0,0,0,0,0,0,0,0,0

7.39221,0,0,0,0,0,0,0,0,0,0,0,0,0,0,0,0,0,0

7.412825,0,0,0,0,0,0,0,0,0,0,0,0,0,0,0,0,0,0

7.417978,0,0,0,0,0,0,0,0,0,0,0,0,0,0,0,0,0,0

7.429296,0,0,0,0,0,0,0,0,0,0,0,0,0,0,0,0,0,0

7.451448,0,0,0,0,0,0,0,0,0,0,0,0,0,0,0,0,0,0

7.457398,0,0,0,0,0,0,0,0,0,0,0,0,0,0,0,0,0,0

7.467305,0,0,0,0,0,0,0,0,0,0,0,0,0,0,0,0,0,0

7.479665,0,0,0,0,0,0,0,0,0,0,0,0,0,0,0,0,0,0

7.50117,0,0,0,0,0,0,0,0,0,0,0,0,0,0,0,0,0,0

7.506612,0,0,0,0,0,0,0,0,0,0,0,0,0,0,0,0,0,0

7.517351,0,0,0,0,0,0,0,0,0,0,0,0,0,0,0,0,0,0

7.529562,0,0,0,0,0,0,0,0,0,0,0,0,0,0,0,0,0,0

7.5426,0,0,0,0,0,0,0,0,0,0,0,0,0,0,0,0,0,0

7.554841,0,0,0,0,0,0,0,0,0,0,0,0,0,0,0,0,0,0

7.567363,0,0,0,0,0,0,0,0,0,0,0,0,0,0,0,0,0,0

7.589443,0,0,0,0,0,0,0,0,0,0,0,0,0,0,0,0,0,0

7.59551,0,0,0,0,0,0,0,0,0,0,0,0,0,0,0,0,0,0

7.604734,0,0,0,0,0,0,0,0,0,0,0,0,0,0,0,0,0,0

7.61711,0,0,0,0,0,0,0,0,0,0,0,0,0,0,0,0,0,0

7.629701,0,0,0,0,0,0,0,0,0,0,0,0,0,0,0,0,0,0

7.642235,0,0,0,0,0,0,0,0,0,0,0,0,0,0,0,0,0,0

7.654685,0,0,0,0,0,0,0,0,0,0,0,0,0,0,0,0,0,0

7.667178,0,0,0,0,0,0,0,0,0,0,0,0,0,0,0,0,0,0

7.679736,0,0,0,0,0,0,0,0,0,0,0,0,0,0,0,0,0,0

7.692708,0,0,0,0,0,0,0,0,0,0,0,0,0,0,0,0,0,0

7.704903,0,0,0,0,0,0,0,0,0,0,0,0,0,0,0,0,0,0

7.717556,0,0,0,0,0,0,0,0,0,0,0,0,0,0,0,0,0,0

7.729813,0,0,0,0,0,0,0,0,0,0,0,0,0,0,0,0,0,0

7.74234,0,0,0,0,0,0,0,0,0,0,0,0,0,0,0,0,0,0

7.764311,0,0,0,0,0,0,0,0,0,0,0,0,0,0,0,0,0,0

7.76979,0,0,0,0,0,0,0,0,0,0,0,0,0,0,0,0,0,0

7.779942,0,0,0,0,0,0,0,0,0,0,0,0,0,0,0,0,0,0

7.79235,0,0,0,0,0,0,0,0,0,0,0,0,0,0,0,0,0,0

7.804723,0,0,0,0,0,0,0,0,0,0,0,0,0,0,0,0,0,0

7.817594,0,0,0,0,0,0,0,0,0,0,0,0,0,0,0,0,0,0

7.829916,0,0,0,0,0,0,0,0,0,0,0,0,0,0,0,0,0,0

7.842381,0,0,0,0,0,0,0,0,0,0,0,0,0,0,0,0,0,0

7.855183,0,0,0,0,0,0,0,0,0,0,0,0,0,0,0,0,0,0

7.867532,0,0,0,0,0,0,0,0,0,0,0,0,0,0,0,0,0,0

7.87989,0,0,0,0,0,0,0,0,0,0,0,0,0,0,0,0,0,0

7.892342,0,0,0,0,0,0,0,0,0,0,0,0,0,0,0,0,0,0

7.914999,0,0,0,0,0,0,0,0,0,0,0,0,0,0,0,0,0,0

7.921267,0,0,0,0,0,0,0,0,0,0,0,0,0,0,0,0,0,0

7.929861,0,0,0,0,0,0,0,0,0,0,0,0,0,0,0,0,0,0

7.942187,0,0,0,0,0,0,0,0,0,0,0,0,0,0,0,0,0,0

7.954576,0,0,0,0,0,0,0,0,0,0,0,0,0,0,0,0,0,0

7.976038,0,0,0,0,0,0,0,0,0,0,0,0,0,0,0,0,0,0

7.981303,0,0,0,0,0,0,0,0,0,0,0,0,0,0,0,0,0,0

7.992161,0,0,0,0,0,0,0,0,0,0,0,0,0,0,0,0,0,0

8.019939,0,0,0,0,0,0,0,0,0,0,0,0,0,0,0,0,0,0

8.024981,0,0,0,0,0,0,0,0,0,0,0,0,0,0,0,0,0,0

8.030555,0,0,0,0,0,0,0,0,0,0,0,0,0,0,0,0,0,0

8.052274,0,0,0,0,0,0,0,0,0,0,0,0,0,0,0,0,0,0

8.057161,0,0,0,0,0,0,0,0,0,0,0,0,0,0,0,0,0,0

8.067961,0,0,0,0,0,0,0,0,0,0,0,0,0,0,0,0,0,0

8.088953,0,0,0,0,0,0,0,0,0,0,0,0,0,0,0,0,0,0

8.0947,0,0,0,0,0,0,0,0,0,0,0,0,0,0,0,0,0,0

8.114691,0,0,0,0,0,0,0,0,0,0,0,0,0,0,0,0,0,0

8.120219,0,0,0,0,0,0,0,0,0,0,0,0,0,0,0,0,0,0

8.138231,0,0,0,0,0,0,0,0,0,0,0,0,0,0,0,0,0,0

8.144061,0,0,0,0,0,0,0,0,0,0,0,0,0,0,0,0,0,0

8.164047,0,0,0,0,0,0,0,0,0,0,0,0,0,0,0,0,0,0

8.169163,0,0,0,0,0,0,0,0,0,0,0,0,0,0,0,0,0,0

8.194051,0,0,0,0,0,0,0,0,0,0,0,0,0,0,0,0,0,0

8.198838,0,0,0,0,0,0,0,0,0,0,0,0,0,0,0,0,0,0

8.213759,0,0,0,0,0,0,0,0,0,0,0,0,0,0,0,0,0,0

8.219193,0,0,0,0,0,0,0,0,0,0,0,0,0,0,0,0,0,0

8.240458,0,0,0,0,0,0,0,0,0,0,0,0,0,0,0,0,0,0

8.245616,0,0,0,0,0,0,0,0,0,0,0,0,0,0,0,0,0,0

8.263421,0,0,0,0,0,0,0,0,0,0,0,0,0,0,0,0,0,0

8.269358,0,0,0,0,0,0,0,0,0,0,0,0,0,0,0,0,0,0

8.289117,0,0,0,0,0,0,0,0,0,0,0,0,0,0,0,0,0,0

8.294702,0,0,0,0,0,0,0,0,0,0,0,0,0,0,0,0,0,0

8.312617,0,0,0,0,0,0,0,0,0,0,0,0,0,0,0,0,0,0

8.319231,0,0,0,0,0,0,0,0,0,0,0,0,0,0,0,0,0,0

8.33972,0,0,0,0,0,0,0,0,0,0,0,0,0,0,0,0,0,0

8.35091,0,0,0,0,0,0,0,0,0,0,0,0,0,0,0,0,0,0

8.365561,0,0,0,0,0,0,0,0,0,0,0,0,0,0,0,0,0,0

8.37082,0,0,0,0,0,0,0,0,0,0,0,0,0,0,0,0,0,0

8.389853,0,0,0,0,0,0,0,0,0,0,0,0,0,0,0,0,0,0

8.396182,0,0,0,0,0,0,0,0,0,0,0,0,0,0,0,0,0,0

8.415453,0,0,0,0,0,0,0,0,0,0,0,0,0,0,0,0,0,0

8.421667,0,0,0,0,0,0,0,0,0,0,0,0,0,0,0,0,0,0

8.439949,0,0,0,0,0,0,0,0,0,0,0,0,0,0,0,0,0,0

8.445653,0,0,0,0,0,0,0,0,0,0,0,0,0,0,0,0,0,0

8.465207,0,0,0,0,0,0,0,0,0,0,0,0,0,0,0,0,0,0

8.471726,0,0,0,0,0,0,0,0,0,0,0,0,0,0,0,0,0,0

8.488111,0,0,0,0,0,0,0,0,0,0,0,0,0,0,0,0,0,0

8.493645,0,0,0,0,0,0,0,0,0,0,0,0,0,0,0,0,0,0

8.518795,0,0,0,0,0,0,0,0,0,0,0,0,0,0,0,0,0,0

8.524456,0,0,0,0,0,0,0,0,0,0,0,0,0,0,0,0,0,0

8.538305,0,0,0,0,0,0,0,0,0,0,0,0,0,0,0,0,0,0

8.544027,0,0,0,0,0,0,0,0,0,0,0,0,0,0,0,0,0,0

8.566812,0,0,0,0,0,0,0,0,0,0,0,0,0,0,0,0,0,0

8.573333,0,0,0,0,0,0,0,0,0,0,0,0,0,0,0,0,0,0

8.589984,0,0,0,0,0,0,0,0,0,0,0,0,0,0,0,0,0,0

8.596921,0,0,0,0,0,0,0,0,0,0,0,0,0,0,0,0,0,0

8.614141,0,0,0,0,0,0,0,0,0,0,0,0,0,0,0,0,0,0

8.620358,0,0,0,0,0,0,0,0,0,0,0,0,0,0,0,0,0,0

8.639908,0,0,0,0,0,0,0,0,0,0,0,0,0,0,0,0,0,0

8.646029,0,0,0,0,0,0,0,0,0,0,0,0,0,0,0,0,0,0

8.655996,0,0,0,0,0,0,0,0,0,0,0,0,0,0,0,0,0,0

8.668939,0,0,0,0,0,0,0,0,0,0,0,0,0,0,0,0,0,0

8.680749,0,0,0,0,0,0,0,0,0,0,0,0,0,0,0,0,0,0

8.693634,0,0,0,0,0,0,0,0,0,0,0,0,0,0,0,0,0,0

8.705649,0,0,0,0,0,0,0,0,0,0,0,0,0,0,0,0,0,0

8.718513,0,0,0,0,0,0,0,0,0,0,0,0,0,0,0,0,0,0

8.730911,0,0,0,0,0,0,0,0,0,0,0,0,0,0,0,0,0,0

8.743237,0,0,0,0,0,0,0,0,0,0,0,0,0,0,0,0,0,0

8.755945,0,0,0,0,0,0,0,0,0,0,0,0,0,0,0,0,0,0

8.768649,0,0,0,0,0,0,0,0,0,0,0,0,0,0,0,0,0,0

8.780983,0,0,0,0,0,0,0,0,0,0,0,0,0,0,0,0,0,0

8.793588,0,0,0,0,0,0,0,0,0,0,0,0,0,0,0,0,0,0

8.805935,0,0,0,0,0,0,0,0,0,0,0,0,0,0,0,0,0,0

8.818993,0,0,0,0,0,0,0,0,0,0,0,0,0,0,0,0,0,0

8.83097,0,0,0,0,0,0,0,0,0,0,0,0,0,0,0,0,0,0

8.843468,0,0,0,0,0,0,0,0,0,0,0,0,0,0,0,0,0,0

8.855728,0,0,0,0,0,0,0,0,0,0,0,0,0,0,0,0,0,0

8.868607,0,0,0,0,0,0,0,0,0,0,0,0,0,0,0,0,0,0

8.880859,0,0,0,0,0,0,0,0,0,0,0,0,0,0,0,0,0,0

8.893454,0,0,0,0,0,0,0,0,0,0,0,0,0,0,0,0,0,0

8.905758,0,0,0,0,0,0,0,0,0,0,0,0,0,0,0,0,0,0

8.918553,0,0,0,0,0,0,0,0,0,0,0,0,0,0,0,0,0,0

8.930997,0,0,0,0,0,0,0,0,0,0,0,0,0,0,0,0,0,0

8.943255,0,0,0,0,0,0,0,0,0,0,0,0,0,0,0,0,0,0

8.956071,0,0,0,0,0,0,0,0,0,0,0,0,0,0,0,0,0,0

8.96839,0,0,0,0,0,0,0,0,0,0,0,0,0,0,0,0,0,0

8.981168,0,0,0,0,0,0,0,0,0,0,0,0,0,0,0,0,0,0

8.993363,0,0,0,0,0,0,0,0,0,0,0,0,0,0,0,0,0,0

9.005867,0,0,0,0,0,0,0,0,0,0,0,0,0,0,0,0,0,0

9.01878,0,0,0,0,0,0,0,0,0,0,0,0,0,0,0,0,0,0

9.030778,0,0,0,0,0,0,0,0,0,0,0,0,0,0,0,0,0,0

9.043446,0,0,0,0,0,0,0,0,0,0,0,0,0,0,0,0,0,0

9.056016,0,0,0,0,0,0,0,0,0,0,0,0,0,0,0,0,0,0

9.068519,0,0,0,0,0,0,0,0,0,0,0,0,0,0,0,0,0,0

9.080946,0,0,0,0,0,0,0,0,0,0,0,0,0,0,0,0,0,0

9.093341,0,0,0,0,0,0,0,0,0,0,0,0,0,0,0,0,0,0

9.105886,0,0,0,0,0,0,0,0,0,0,0,0,0,0,0,0,0,0

9.118542,0,0,0,0,0,0,0,0,0,0,0,0,0,0,0,0,0,0

9.131816,0,0,0,0,0,0,0,0,0,0,0,0,0,0,0,0,0,0

9.143349,0,0,0,0,0,0,0,0,0,0,0,0,0,0,0,0,0,0

9.155974,0,0,0,0,0,0,0,0,0,0,0,0,0,0,0,0,0,0

9.168749,0,0,0,0,0,0,0,0,0,0,0,0,0,0,0,0,0,0

9.18118,0,0,0,0,0,0,0,0,0,0,0,0,0,0,0,0,0,0

9.193388,0,0,0,0,0,0,0,0,0,0,0,0,0,0,0,0,0,0

9.205839,0,0,0,0,0,0,0,0,0,0,0,0,0,0,0,0,0,0

9.218569,0,0,0,0,0,0,0,0,0,0,0,0,0,0,0,0,0,0

9.230947,0,0,0,0,0,0,0,0,0,0,0,0,0,0,0,0,0,0

9.243577,0,0,0,0,0,0,0,0,0,0,0,0,0,0,0,0,0,0

9.256123,0,0,0,0,0,0,0,0,0,0,0,0,0,0,0,0,0,0

9.268558,0,0,0,0,0,0,0,0,0,0,0,0,0,0,0,0,0,0

9.28098,0,0,0,0,0,0,0,0,0,0,0,0,0,0,0,0,0,0

9.293548,0,0,0,0,0,0,0,0,0,0,0,0,0,0,0,0,0,0

9.305873,0,0,0,0,0,0,0,0,0,0,0,0,0,0,0,0,0,0

9.318405,0,0,0,0,0,0,0,0,0,0,0,0,0,0,0,0,0,0

9.331182,0,0,0,0,0,0,0,0,0,0,0,0,0,0,0,0,0,0

9.343485,0,0,0,0,0,0,0,0,0,0,0,0,0,0,0,0,0,0

9.356375,0,0,0,0,0,0,0,0,0,0,0,0,0,0,0,0,0,0

9.368737,0,0,0,0,0,0,0,0,0,0,0,0,0,0,0,0,0,0

9.380941,0,0,0,0,0,0,0,0,0,0,0,0,0,0,0,0,0,0

9.393393,0,0,0,0,0,0,0,0,0,0,0,0,0,0,0,0,0,0

9.405858,0,0,0,0,0,0,0,0,0,0,0,0,0,0,0,0,0,0

9.418876,0,0,0,0,0,0,0,0,0,0,0,0,0,0,0,0,0,0

9.430814,0,0,0,0,0,0,0,0,0,0,0,0,0,0,0,0,0,0

9.443946,0,0,0,0,0,0,0,0,0,0,0,0,0,0,0,0,0,0

9.46178,0,0,0,0,0,0,0,0,0,0,0,0,0,0,0,0,0,0

9.469069,0,0,0,0,0,0,0,0,0,0,0,0,0,0,0,0,0,0

9.491728,0,0,0,0,0,0,0,0,0,0,0,0,0,0,0,0,0,0

9.498801,0,0,0,0,0,0,0,0,0,0,0,0,0,0,0,0,0,0

9.517765,0,0,0,0,0,0,0,0,0,0,0,0,0,0,0,0,0,0

9.524654,0,0,0,0,0,0,0,0,0,0,0,0,0,0,0,0,0,0

9.530947,0,0,0,0,0,0,0,0,0,0,0,0,0,0,0,0,0,0

9.554825,0,0,0,0,0,0,0,0,0,0,0,0,0,0,0,0,0,0

9.560884,0,0,0,0,0,0,0,0,0,0,0,0,0,0,0,0,0,0

9.567983,0,0,0,0,0,0,0,0,0,0,0,0,0,0,0,0,0,0

9.588198,0,0,0,0,0,0,0,0,0,0,0,0,0,0,0,0,0,0

9.592718,0,0,0,0,0,0,0,0,0,0,0,0,0,0,0,0,0,0

9.604506,0,0,0,0,0,0,0,0,0,0,0,0,0,0,0,0,0,0

9.62482,0,0,0,0,0,0,0,0,0,0,0,0,0,0,0,0,0,0

9.630776,0,0,0,0,0,0,0,0,0,0,0,0,0,0,0,0,0,0

9.641313,0,0,0,0,0,0,0,0,0,0,0,0,0,0,0,0,0,0

9.6628,0,0,0,0,0,0,0,0,0,0,0,0,0,0,0,0,0,0

9.668082,0,0,0,0,0,0,0,0,0,0,0,0,0,0,0,0,0,0

9.678799,0,0,0,0,0,0,0,0,0,0,0,0,0,0,0,0,0,0

9.701725,0,0,0,0,0,0,0,0,0,0,0,0,0,0,0,0,0,0

9.708085,0,0,0,0,0,0,0,0,0,0,0,0,0,0,0,0,0,0

9.716263,0,0,0,0,0,0,0,0,0,0,0,0,0,0,0,0,0,0

9.736897,0,0,0,0,0,0,0,0,0,0,0,0,0,0,0,0,0,0

9.742652,0,0,0,0,0,0,0,0,0,0,0,0,0,0,0,0,0,0

9.753432,0,0,0,0,0,0,0,0,0,0,0,0,0,0,0,0,0,0

9.766412,0,0,0,0,0,0,0,0,0,0,0,0,0,0,0,0,0,0

9.786971,0,0,0,0,0,0,0,0,0,0,0,0,0,0,0,0,0,0

9.792353,0,0,0,0,0,0,0,0,0,0,0,0,0,0,0,0,0,0

9.803856,0,0,0,0,0,0,0,0,0,0,0,0,0,0,0,0,0,0

9.824966,0,0,0,0,0,0,0,0,0,0,0,0,0,0,0,0,0,0

9.835698,0,0,0,0,0,0,0,0,0,0,0,0,0,0,0,0,0,0

9.841851,0,0,0,0,0,0,0,0,0,0,0,0,0,0,0,0,0,0

9.860845,0,0,0,0,0,0,0,0,0,0,0,0,0,0,0,0,0,0

9.866182,0,0,0,0,0,0,0,0,0,0,0,0,0,0,0,0,0,0

9.877853,0,0,0,0,0,0,0,0,0,0,0,0,0,0,0,0,0,0

9.890321,0,0,0,0,0,0,0,0,0,0,0,0,0,0,0,0,0,0

9.91196,0,0,0,0,0,0,0,0,0,0,0,0,0,0,0,0,0,0

9.917847,0,0,0,0,0,0,0,0,0,0,0,0,0,0,0,0,0,0

9.928336,0,0,0,0,0,0,0,0,0,0,0,0,0,0,0,0,0,0

9.940647,0,0,0,0,0,0,0,0,0,0,0,0,0,0,0,0,0,0

9.961319,0,0,0,0,0,0,0,0,0,0,0,0,0,0,0,0,0,0

9.96615,0,0,0,0,0,0,0,0,0,0,0,0,0,0,0,0,0,0

9.978468,0,0,0,0,0,0,0,0,0,0,0,0,0,0,0,0,0,0

9.990971,0,0,0,0,0,0,0,0,0,0,0,0,0,0,0,0,0,0

10.0035,0,0,0,0,0,0,0,0,0,0,0,0,0,0,0,0,0,0

10.02497,0,0,0,0,0,0,0,0,0,0,0,0,0,0,0,0,0,0

10.03514,0,0,0,0,0,0,0,0,0,0,0,0,0,0,0,0,0,0

10.04099,0,0,0,0,0,0,0,0,0,0,0,0,0,0,0,0,0,0

10.05302,0,0,0,0,0,0,0,0,0,0,0,0,0,0,0,0,0,0

10.06553,0,0,0,0,0,0,0,0,0,0,0,0,0,0,0,0,0,0

10.07848,0,0,0,0,0,0,0,0,0,0,0,0,0,0,0,0,0,0

10.0998,0,0,0,0,0,0,0,0,0,0,0,0,0,0,0,0,0,0

10.10573,0,0,0,0,0,0,0,0,0,0,0,0,0,0,0,0,0,0

10.11581,0,0,0,0,0,0,0,0,0,0,0,0,0,0,0,0,0,0

10.12833,0,0,0,0,0,0,0,0,0,0,0,0,0,0,0,0,0,0

10.14102,0,0,0,0,0,0,0,0,0,0,0,0,0,0,0,0,0,0

10.15337,0,0,0,0,0,0,0,0,0,0,0,0,0,0,0,0,0,0

10.16597,0,0,0,0,0,0,0,0,0,0,0,0,0,0,0,0,0,0

10.18713,0,0,0,0,0,0,0,0,0,0,0,0,0,0,0,0,0,0

10.19243,0,0,0,0,0,0,0,0,0,0,0,0,0,0,0,0,0,0

10.20379,0,0,0,0,0,0,0,0,0,0,0,0,0,0,0,0,0,0

10.21607,0,0,0,0,0,0,0,0,0,0,0,0,0,0,0,0,0,0

10.22906,0,0,0,0,0,0,0,0,0,0,0,0,0,0,0,0,0,0

10.2411,0,0,0,0,0,0,0,0,0,0,0,0,0,0,0,0,0,0

10.25389,0,0,0,0,0,0,0,0,0,0,0,0,0,0,0,0,0,0

10.26709,0,0,0,0,0,0,0,0,0,0,0,0,0,0,0,0,0,0

10.27903,0,0,0,0,0,0,0,0,0,0,0,0,0,0,0,0,0,0

10.29144,0,0,0,0,0,0,0,0,0,0,0,0,0,0,0,0,0,0

10.3038,0,0,0,0,0,0,0,0,0,0,0,0,0,0,0,0,0,0

10.31694,0,0,0,0,0,0,0,0,0,0,0,0,0,0,0,0,0,0

10.3289,0,0,0,0,0,0,0,0,0,0,0,0,0,0,0,0,0,0

10.34188,0,0,0,0,0,0,0,0,0,0,0,0,0,0,0,0,0,0

10.3538,0,0,0,0,0,0,0,0,0,0,0,0,0,0,0,0,0,0

10.36661,0,0,0,0,0,0,0,0,0,0,0,0,0,0,0,0,0,0

10.38901,0,0,0,0,0,0,0,0,0,0,0,0,0,0,0,0,0,0

10.39483,0,0,0,0,0,0,0,0,0,0,0,0,0,0,0,0,0,0

10.40394,0,0,0,0,0,0,0,0,0,0,0,0,0,0,0,0,0,0

10.42459,0,0,0,0,0,0,0,0,0,0,0,0,0,0,0,0,0,0

10.42975,0,0,0,0,0,0,0,0,0,0,0,0,0,0,0,0,0,0

10.44141,0,0,0,0,0,0,0,0,0,0,0,0,0,0,0,0,0,0

10.46287,0,0,0,0,0,0,0,0,0,0,0,0,0,0,0,0,0,0

10.47286,0,0,0,0,0,0,0,0,0,0,0,0,0,0,0,0,0,0

10.48743,0,0,0,0,0,0,0,0,0,0,0,0,0,0,0,0,0,0

10.493,0,0,0,0,0,0,0,0,0,0,0,0,0,0,0,0,0,0

10.5115,0,0,0,0,0,0,0,0,0,0,0,0,0,0,0,0,0,0

10.51669,0,0,0,0,0,0,0,0,0,0,0,0,0,0,0,0,0,0

10.53628,0,0,0,0,0,0,0,0,0,0,0,0,0,0,0,0,0,0

10.54154,0,0,0,0,0,0,0,0,0,0,0,0,0,0,0,0,0,0

10.5622,0,0,0,0,0,0,0,0,0,0,0,0,0,0,0,0,0,0

10.56744,0,0,0,0,0,0,0,0,0,0,0,0,0,0,0,0,0,0

10.58742,0,0,0,0,0,0,0,0,0,0,0,0,0,0,0,0,0,0

10.59326,0,0,0,0,0,0,0,0,0,0,0,0,0,0,0,0,0,0

10.6115,0,0,0,0,0,0,0,0,0,0,0,0,0,0,0,0,0,0

10.61818,0,0,0,0,0,0,0,0,0,0,0,0,0,0,0,0,0,0

10.64244,0,0,0,0,0,0,0,0,0,0,0,0,0,0,0,0,0,0

10.64823,0,0,0,0,0,0,0,0,0,0,0,0,0,0,0,0,0,0

10.66224,0,0,0,0,0,0,0,0,0,0,0,0,0,0,0,0,0,0

10.66796,0,0,0,0,0,0,0,0,0,0,0,0,0,0,0,0,0,0

10.68882,0,0,0,0,0,0,0,0,0,0,0,0,0,0,0,0,0,0

10.69399,0,0,0,0,0,0,0,0,0,0,0,0,0,0,0,0,0,0

10.71355,0,0,0,0,0,0,0,0,0,0,0,0,0,0,0,0,0,0

10.71917,0,0,0,0,0,0,0,0,0,0,0,0,0,0,0,0,0,0

10.73882,0,0,0,0,0,0,0,0,0,0,0,0,0,0,0,0,0,0

10.74403,0,0,0,0,0,0,0,0,0,0,0,0,0,0,0,0,0,0

10.76227,0,0,0,0,0,0,0,0,0,0,0,0,0,0,0,0,0,0

10.76708,0,0,0,0,0,0,0,0,0,0,0,0,0,0,0,0,0,0

10.78797,0,0,0,0,0,0,0,0,0,0,0,0,0,0,0,0,0,0

10.79854,0,0,0,0,0,0,0,0,0,0,0,0,0,0,0,0,0,0

10.81293,0,0,0,0,0,0,0,0,0,0,0,0,0,0,0,0,0,0

10.81793,0,0,0,0,0,0,0,0,0,0,0,0,0,0,0,0,0,0

10.83986,0,0,0,0,0,0,0,0,0,0,0,0,0,0,0,0,0,0

10.85515,0,0,0,0,0,0,0,0,0,0,0,0,0,0,0,0,0,0

10.8702,0,0,0,0,0,0,0,0,0,0,0,0,0,0,0,0,0,0

10.88489,0,0,0,0,0,0,0,0,0,0,0,0,0,0,0,0,0,0

10.89976,0,0,0,0,0,0,0,0,0,0,0,0,0,0,0,0,0,0

10.91522,0,0,0,0,0,0,0,0,0,0,0,0,0,0,0,0,0,0

10.93017,0,0,0,0,0,0,0,0,0,0,0,0,0,0,0,0,0,0

10.95012,0,0,0,0,0,0,0,0,0,0,0,0,0,0,0,0,0,0

10.96426,0,0,0,0,0,0,0,0,0,0,0,0,0,0,0,0,0,0

10.97969,0,0,0,0,0,0,0,0,0,0,0,0,0,0,0,0,0,0

10.99393,0,0,0,0,0,0,0,0,0,0,0,0,0,0,0,0,0,0

11.00816,0,0,0,0,0,0,0,0,0,0,0,0,0,0,0,0,0,0

11.02401,0,0,0,0,0,0,0,0,0,0,0,0,0,0,0,0,0,0

11.03924,0,0,0,0,0,0,0,0,0,0,0,0,0,0,0,0,0,0

11.04519,0,0,0,0,0,0,0,0,0,0,0,0,0,0,0,0,0,0

11.06276,0,0,0,0,0,0,0,0,0,0,0,0,0,0,0,0,0,0

11.08881,0,0,0,0,0,0,0,0,0,0,0,0,0,0,0,0,0,0

11.11183,0,0,0,0,0,0,0,0,0,0,0,0,0,0,0,0,0,0

11.13892,0,0,0,0,0,0,0,0,0,0,0,0,0,0,0,0,0,0

11.1655,0,0,0,0,0,0,0,0,0,0,0,0,0,0,0,0,0,0

11.19038,0,0,0,0,0,0,0,0,0,0,0,0,0,0,0,0,0,0

11.21614,0,0,0,0,0,0,0,0,0,0,0,0,0,0,0,0,0,0

11.24206,0,0,0,0,0,0,0,0,0,0,0,0,0,0,0,0,0,0

11.26685,0,0,0,0,0,0,0,0,0,0,0,0,0,0,0,0,0,0

11.29266,0,0,0,0,0,0,0,0,0,0,0,0,0,0,0,0,0,0

11.31855,0,0,0,0,0,0,0,0,0,0,0,0,0,0,0,0,0,0

11.34923,0,0,0,0,0,0,0,0,0,0,0,0,0,0,0,0,0,0

11.36885,0,0,0,0,0,0,0,0,0,0,0,0,0,0,0,0,0,0

11.39276,0,0,0,0,0,0,0,0,0,0,0,0,0,0,0,0,0,0

11.41789,0,0,0,0,0,0,0,0,0,0,0,0,0,0,0,0,0,0

11.44354,0,0,0,0,0,0,0,0,0,0,0,0,0,0,0,0,0,0

11.47002,0,0,0,0,0,0,0,0,0,0,0,0,0,0,0,0,0,0

11.49304,0,0,0,0,0,0,0,0,0,0,0,0,0,0,0,0,0,0

11.51877,0,0,0,0,0,0,0,0,0,0,0,0,0,0,0,0,0,0

11.545,0,0,0,0,0,0,0,0,0,0,0,0,0,0,0,0,0,0

11.57619,0,0,0,0,0,0,0,0,0,0,0,0,0,0,0,0,0,0

11.58495,0,0,0,0,0,0,0,0,0,0,0,0,0,0,0,0,0,0

11.61866,0,0,0,0,0,0,0,0,0,0,0,0,0,0,0,0,0,0

11.6446,0,0,0,0,0,0,0,0,0,0,0,0,0,0,0,0,0,0

11.66001,0,0,0,0,0,0,0,0,0,0,0,0,0,0,0,0,0,0

11.68455,0,0,0,0,0,0,0,0,0,0,0,0,0,0,0,0,0,0

11.70961,0,0,0,0,0,0,0,0,0,0,0,0,0,0,0,0,0,0

11.73459,0,0,0,0,0,0,0,0,0,0,0,0,0,0,0,0,0,0

11.75943,0,0,0,0,0,0,0,0,0,0,0,0,0,0,0,0,0,0

11.78455,0,0,0,0,0,0,0,0,0,0,0,0,0,0,0,0,0,0

11.80978,0,0,0,0,0,0,0,0,0,0,0,0,0,0,0,0,0,0

11.83538,0,0,0,0,0,0,0,0,0,0,0,0,0,0,0,0,0,0

11.8595,0,0,0,0,0,0,0,0,0,0,0,0,0,0,0,0,0,0

11.88441,0,0,0,0,0,0,0,0,0,0,0,0,0,0,0,0,0,0

11.90955,0,0,0,0,0,0,0,0,0,0,0,0,0,0,0,0,0,0

11.93462,0,0,0,0,0,0,0,0,0,0,0,0,0,0,0,0,0,0

11.95979,0,0,0,0,0,0,0,0,0,0,0,0,0,0,0,0,0,0

11.98455,0,0,0,0,0,0,0,0,0,0,0,0,0,0,0,0,0,0

12.0095,0,0,0,0,0,0,0,0,0,0,0,0,0,0,0,0,0,0

12.03457,0,0,0,0,0,0,0,0,0,0,0,0,0,0,0,0,0,0

12.05952,0,0,0,0,0,0,0,0,0,0,0,0,0,0,0,0,0,0

12.08429,0,0,0,0,0,0,0,0,0,0,0,0,0,0,0,0,0,0

12.11006,0,0,0,0,0,0,0,0,0,0,0,0,0,0,0,0,0,0

12.13447,0,0,0,0,0,0,0,0,0,0,0,0,0,0,0,0,0,0

12.15951,0,0,0,0,0,0,0,0,0,0,0,0,0,0,0,0,0,0

12.18419,0,0,0,0,0,0,0,0,0,0,0,0,0,0,0,0,0,0

12.20946,0,0,0,0,0,0,0,0,0,0,0,0,0,0,0,0,0,0

12.23513,0,0,0,0,0,0,0,0,0,0,0,0,0,0,0,0,0,0

12.25911,0,0,0,0,0,0,0,0,0,0,0,0,0,0,0,0,0,0

12.28504,0,0,0,0,0,0,0,0,0,0,0,0,0,0,0,0,0,0

12.3092,0,0,0,0,0,0,0,0,0,0,0,0,0,0,0,0,0,0

12.33457,0,0,0,0,0,0,0,0,0,0,0,0,0,0,0,0,0,0

12.35932,0,0,0,0,0,0,0,0,0,0,0,0,0,0,0,0,0,0

12.38428,0,0,0,0,0,0,0,0,0,0,0,0,0,0,0,0,0,0

12.40938,0,0,0,0,0,0,0,0,0,0,0,0,0,0,0,0,0,0

12.43428,0,0,0,0,0,0,0,0,0,0,0,0,0,0,0,0,0,0

12.46007,0,0,0,0,0,0,0,0,0,0,0,0,0,0,0,0,0,0

12.48439,0,0,0,0,0,0,0,0,0,0,0,0,0,0,0,0,0,0

12.50909,0,0,0,0,0,0,0,0,0,0,0,0,0,0,0,0,0,0

12.53422,0,0,0,0,0,0,0,0,0,0,0,0,0,0,0,0,0,0

12.55917,0,0,0,0,0,0,0,0,0,0,0,0,0,0,0,0,0,0

12.58414,0,0,0,0,0,0,0,0,0,0,0,0,0,0,0,0,0,0

12.60939,0,0,0,0,0,0,0,0,0,0,0,0,0,0,0,0,0,0

12.63453,0,0,0,0,0,0,0,0,0,0,0,0,0,0,0,0,0,0

12.65934,0,0,0,0,0,0,0,0,0,0,0,0,0,0,0,0,0,0

12.68421,0,0,0,0,0,0,0,0,0,0,0,0,0,0,0,0,0,0

12.70905,0,0,0,0,0,0,0,0,0,0,0,0,0,0,0,0,0,0

12.73409,0,0,0,0,0,0,0,0,0,0,0,0,0,0,0,0,0,0

12.759,0,0,0,0,0,0,0,0,0,0,0,0,0,0,0,0,0,0

12.78386,0,0,0,0,0,0,0,0,0,0,0,0,0,0,0,0,0,0

12.80964,0,0,0,0,0,0,0,0,0,0,0,0,0,0,0,0,0,0

12.83397,0,0,0,0,0,0,0,0,0,0,0,0,0,0,0,0,0,0

12.85911,0,0,0,0,0,0,0,0,0,0,0,0,0,0,0,0,0,0

12.88421,0,0,0,0,0,0,0,0,0,0,0,0,0,0,0,0,0,0

12.90923,0,0,0,0,0,0,0,0,0,0,0,0,0,0,0,0,0,0

12.93401,0,0,0,0,0,0,0,0,0,0,0,0,0,0,0,0,0,0

12.9589,0,0,0,0,0,0,0,0,0,0,0,0,0,0,0,0,0,0

12.98428,0,0,0,0,0,0,0,0,0,0,0,0,0,0,0,0,0,0

13.00887,0,0,0,0,0,0,0,0,0,0,0,0,0,0,0,0,0,0

13.0344,0,0,0,0,0,0,0,0,0,0,0,0,0,0,0,0,0,0

13.05895,0,0,0,0,0,0,0,0,0,0,0,0,0,0,0,0,0,0

13.08436,0,0,0,0,0,0,0,0,0,0,0,0,0,0,0,0,0,0

13.109,0,0,0,0,0,0,0,0,0,0,0,0,0,0,0,0,0,0

13.13473,0,0,0,0,0,0,0,0,0,0,0,0,0,0,0,0,0,0

13.15885,0,0,0,0,0,0,0,0,0,0,0,0,0,0,0,0,0,0

13.184,0,0,0,0,0,0,0,0,0,0,0,0,0,0,0,0,0,0

13.20909,0,0,0,0,0,0,0,0,0,0,0,0,0,0,0,0,0,0

13.23404,0,0,0,0,0,0,0,0,0,0,0,0,0,0,0,0,0,0

13.25895,0,0,0,0,0,0,0,0,0,0,0,0,0,0,0,0,0,0

13.28386,0,0,0,0,0,0,0,0,0,0,0,0,0,0,0,0,0,0

13.30927,0,0,0,0,0,0,0,0,0,0,0,0,0,0,0,0,0,0

13.33391,0,0,0,0,0,0,0,0,0,0,0,0,0,0,0,0,0,0

13.35896,0,0,0,0,0,0,0,0,0,0,0,0,0,0,0,0,0,0

13.38391,0,0,0,0,0,0,0,0,0,0,0,0,0,0,0,0,0,0

13.40908,0,0,0,0,0,0,0,0,0,0,0,0,0,0,0,0,0,0

13.43407,0,0,0,0,0,0,0,0,0,0,0,0,0,0,0,0,0,0

13.4589,0,0,0,0,0,0,0,0,0,0,0,0,0,0,0,0,0,0

13.4842,0,0,0,0,0,0,0,0,0,0,0,0,0,0,0,0,0,0

13.50882,0,0,0,0,0,0,0,0,0,0,0,0,0,0,0,0,0,0

13.53377,0,0,0,0,0,0,0,0,0,0,0,0,0,0,0,0,0,0

13.55893,0,0,0,0,0,0,0,0,0,0,0,0,0,0,0,0,0,0

13.58363,0,0,0,0,0,0,0,0,0,0,0,0,0,0,0,0,0,0

13.60876,0,0,0,0,0,0,0,0,0,0,0,0,0,0,0,0,0,0

13.63372,0,0,0,0,0,0,0,0,0,0,0,0,0,0,0,0,0,0

13.65918,0,0,0,0,0,0,0,0,0,0,0,0,0,0,0,0,0,0

13.6837,0,0,0,0,0,0,0,0,0,0,0,0,0,0,0,0,0,0

13.70887,0,0,0,0,0,0,0,0,0,0,0,0,0,0,0,0,0,0

13.73366,0,0,0,0,0,0,0,0,0,0,0,0,0,0,0,0,0,0

13.75868,0,0,0,0,0,0,0,0,0,0,0,0,0,0,0,0,0,0

13.78378,0,0,0,0,0,0,0,0,0,0,0,0,0,0,0,0,0,0

13.80865,0,0,0,0,0,0,0,0,0,0,0,0,0,0,0,0,0,0

13.83384,0,0,0,0,0,0,0,0,0,0,0,0,0,0,0,0,0,0

13.85864,0,0,0,0,0,0,0,0,0,0,0,0,0,0,0,0,0,0

13.88399,0,0,0,0,0,0,0,0,0,0,0,0,0,0,0,0,0,0

13.90872,0,0,0,0,0,0,0,0,0,0,0,0,0,0,0,0,0,0

13.93364,0,0,0,0,0,0,0,0,0,0,0,0,0,0,0,0,0,0

13.95854,0,0,0,0,0,0,0,0,0,0,0,0,0,0,0,0,0,0

13.98363,0,0,0,0,0,0,0,0,0,0,0,0,0,0,0,0,0,0

14.00886,0,0,0,0,0,0,0,0,0,0,0,0,0,0,0,0,0,0

14.03342,0,0,0,0,0,0,0,0,0,0,0,0,0,0,0,0,0,0

14.05849,0,0,0,0,0,0,0,0,0,0,0,0,0,0,0,0,0,0

14.08368,0,0,0,0,0,0,0,0,0,0,0,0,0,0,0,0,0,0

14.1087,0,0,0,0,0,0,0,0,0,0,0,0,0,0,0,0,0,0

14.13328,0,0,0,0,0,0,0,0,0,0,0,0,0,0,0,0,0,0

14.15894,0,0,0,0,0,0,0,0,0,0,0,0,0,0,0,0,0,0

14.18329,0,0,0,0,0,0,0,0,0,0,0,0,0,0,0,0,0,0

14.20852,0,0,0,0,0,0,0,0,0,0,0,0,0,0,0,0,0,0

14.23333,0,0,0,0,0,0,0,0,0,0,0,0,0,0,0,0,0,0

14.25846,0,0,0,0,0,0,0,0,0,0,0,0,0,0,0,0,0,0

14.2835,0,0,0,0,0,0,0,0,0,0,0,0,0,0,0,0,0,0

14.30837,0,0,0,0,0,0,0,0,0,0,0,0,0,0,0,0,0,0

14.33398,0,0,0,0,0,0,0,0,0,0,0,0,0,0,0,0,0,0

14.35845,0,0,0,0,0,0,0,0,0,0,0,0,0,0,0,0,0,0

14.38324,0,0,0,0,0,0,0,0,0,0,0,0,0,0,0,0,0,0

14.40842,0,0,0,0,0,0,0,0,0,0,0,0,0,0,0,0,0,0

14.43345,0,0,0,0,0,0,0,0,0,0,0,0,0,0,0,0,0,0

14.4589,0,0,0,0,0,0,0,0,0,0,0,0,0,0,0,0,0,0

14.48334,0,0,0,0,0,0,0,0,0,0,0,0,0,0,0,0,0,0

14.50909,0,0,0,0,0,0,0,0,0,0,0,0,0,0,0,0,0,0

14.53348,0,0,0,0,0,0,0,0,0,0,0,0,0,0,0,0,0,0

14.55824,0,0,0,0,0,0,0,0,0,0,0,0,0,0,0,0,0,0

14.58309,0,0,0,0,0,0,0,0,0,0,0,0,0,0,0,0,0,0

14.60825,0,0,0,0,0,0,0,0,0,0,0,0,0,0,0,0,0,0

14.63305,0,0,0,0,0,0,0,0,0,0,0,0,0,0,0,0,0,0

14.65811,0,0,0,0,0,0,0,0,0,0,0,0,0,0,0,0,0,0

14.68362,0,0,0,0,0,0,0,0,0,0,0,0,0,0,0,0,0,0

14.70802,0,0,0,0,0,0,0,0,0,0,0,0,0,0,0,0,0,0

14.73309,0,0,0,0,0,0,0,0,0,0,0,0,0,0,0,0,0,0

14.758,0,0,0,0,0,0,0,0,0,0,0,0,0,0,0,0,0,0

14.78333,0,0,0,0,0,0,0,0,0,0,0,0,0,0,0,0,0,0

14.80853,0,0,0,0,0,0,0,0,0,0,0,0,0,0,0,0,0,0

14.83323,0,0,0,0,0,0,0,0,0,0,0,0,0,0,0,0,0,0

14.85953,0,0,0,0,0,0,0,0,0,0,0,0,0,0,0,0,0,0

14.88329,0,0,0,0,0,0,0,0,0,0,0,0,0,0,0,0,0,0

14.90835,0,0,0,0,0,0,0,0,0,0,0,0,0,0,0,0,0,0

14.93305,0,0,0,0,0,0,0,0,0,0,0,0,0,0,0,0,0,0

14.95813,0,0,0,0,0,0,0,0,0,0,0,0,0,0,0,0,0,0

14.98313,0,0,0,0,0,0,0,0,0,0,0,0,0,0,0,0,0,0

15.00801,0,0,0,0,0,0,0,0,0,0,0,0,0,0,0,0,0,0

15.03334,0,0,0,0,0,0,0,0,0,0,0,0,0,0,0,0,0,0

15.05789,0,0,0,0,0,0,0,0,0,0,0,0,0,0,0,0,0,0

15.08357,0,0,0,0,0,0,0,0,0,0,0,0,0,0,0,0,0,0

15.10807,0,0,0,0,0,0,0,0,0,0,0,0,0,0,0,0,0,0

15.13319,0,0,0,0,0,0,0,0,0,0,0,0,0,0,0,0,0,0

15.15824,0,0,0,0,0,0,0,0,0,0,0,0,0,0,0,0,0,0

15.18282,0,0,0,0,0,0,0,0,0,0,0,0,0,0,0,0,0,0

15.20844,0,0,0,0,0,0,0,0,0,0,0,0,0,0,0,0,0,0

15.23301,0,0,0,0,0,0,0,0,0,0,0,0,0,0,0,0,0,0

15.25808,0,0,0,0,0,0,0,0,0,0,0,0,0,0,0,0,0,0

15.28305,0,0,0,0,0,0,0,0,0,0,0,0,0,0,0,0,0,0

15.30817,0,0,0,0,0,0,0,0,0,0,0,0,0,0,0,0,0,0

15.33319,0,0,0,0,0,0,0,0,0,0,0,0,0,0,0,0,0,0

15.35804,0,0,0,0,0,0,0,0,0,0,0,0,0,0,0,0,0,0

15.38314,0,0,0,0,0,0,0,0,0,0,0,0,0,0,0,0,0,0

15.40802,0,0,0,0,0,0,0,0,0,0,0,0,0,0,0,0,0,0

15.43286,0,0,0,0,0,0,0,0,0,0,0,0,0,0,0,0,0,0

15.45801,0,0,0,0,0,0,0,0,0,0,0,0,0,0,0,0,0,0

15.4829,0,0,0,0,0,0,0,0,0,0,0,0,0,0,0,0,0,0

15.50787,0,0,0,0,0,0,0,0,0,0,0,0,0,0,0,0,0,0

15.53339,0,0,0,0,0,0,0,0,0,0,0,0,0,0,0,0,0,0

15.5579,0,0,0,0,0,0,0,0,0,0,0,0,0,0,0,0,0,0

15.58278,0,0,0,0,0,0,0,0,0,0,0,0,0,0,0,0,0,0

15.60776,0,0,0,0,0,0,0,0,0,0,0,0,0,0,0,0,0,0

15.63292,0,0,0,0,0,0,0,0,0,0,0,0,0,0,0,0,0,0

15.65781,0,0,0,0,0,0,0,0,0,0,0,0,0,0,0,0,0,0

15.68285,0,0,0,0,0,0,0,0,0,0,0,0,0,0,0,0,0,0

15.7083,0,0,0,0,0,0,0,0,0,0,0,0,0,0,0,0,0,0

15.73276,0,0,0,0,0,0,0,0,0,0,0,0,0,0,0,0,0,0

15.75784,0,0,0,0,0,0,0,0,0,0,0,0,0,0,0,0,0,0

15.78268,0,0,0,0,0,0,0,0,0,0,0,0,0,0,0,0,0,0

15.80758,0,0,0,0,0,0,0,0,0,0,0,0,0,0,0,0,0,0

15.83267,0,0,0,0,0,0,0,0,0,0,0,0,0,0,0,0,0,0

15.85783,0,0,0,0,0,0,0,0,0,0,0,0,0,0,0,0,0,0

15.8829,0,0,0,0,0,0,0,0,0,0,0,0,0,0,0,0,0,0

15.90759,0,0,0,0,0,0,0,0,0,0,0,0,0,0,0,0,0,0

15.93282,0,0,0,0,0,0,0,0,0,0,0,0,0,0,0,0,0,0

15.95748,0,0,0,0,0,0,0,0,0,0,0,0,0,0,0,0,0,0

15.98275,0,0,0,0,0,0,0,0,0,0,0,0,0,0,0,0,0,0

16.00768,0,0,0,0,0,0,0,0,0,0,0,0,0,0,0,0,0,0

16.03304,0,0,0,0,0,0,0,0,0,0,0,0,0,0,0,0,0,0

16.05768,0,0,0,0,0,0,0,0,0,0,0,0,0,0,0,0,0,0

16.08292,0,0,0,0,0,0,0,0,0,0,0,0,0,0,0,0,0,0

16.10763,0,0,0,0,0,0,0,0,0,0,0,0,0,0,0,0,0,0

16.13271,0,0,0,0,0,0,0,0,0,0,0,0,0,0,0,0,0,0

16.15759,0,0,0,0,0,0,0,0,0,0,0,0,0,0,0,0,0,0

16.18259,0,0,0,0,0,0,0,0,0,0,0,0,0,0,0,0,0,0

16.2082,0,0,0,0,0,0,0,0,0,0,0,0,0,0,0,0,0,0

16.23256,0,0,0,0,0,0,0,0,0,0,0,0,0,0,0,0,0,0

16.25743,0,0,0,0,0,0,0,0,0,0,0,0,0,0,0,0,0,0

16.28249,0,0,0,0,0,0,0,0,0,0,0,0,0,0,0,0,0,0

16.30737,0,0,0,0,0,0,0,0,0,0,0,0,0,0,0,0,0,0

16.33314,0,0,0,0,0,0,0,0,0,0,0,0,0,0,0,0,0,0

16.35746,0,0,0,0,0,0,0,0,0,0,0,0,0,0,0,0,0,0

16.38305,0,0,0,0,0,0,0,0,0,0,0,0,0,0,0,0,0,0

16.40754,0,0,0,0,0,0,0,0,0,0,0,0,0,0,0,0,0,0

16.43248,0,0,0,0,0,0,0,0,0,0,0,0,0,0,0,0,0,0

16.45725,0,0,0,0,0,0,0,0,0,0,0,0,0,0,0,0,0,0

16.48246,0,0,0,0,0,0,0,0,0,0,0,0,0,0,0,0,0,0

16.50742,0,0,0,0,0,0,0,0,0,0,0,0,0,0,0,0,0,0

16.53238,0,0,0,0,0,0,0,0,0,0,0,0,0,0,0,0,0,0

16.55786,0,0,0,0,0,0,0,0,0,0,0,0,0,0,0,0,0,0

16.58233,0,0,0,0,0,0,0,0,0,0,0,0,0,0,0,0,0,0

16.60743,0,0,0,0,0,0,0,0,0,0,0,0,0,0,0,0,0,0

16.63238,0,0,0,0,0,0,0,0,0,0,0,0,0,0,0,0,0,0

16.65734,0,0,0,0,0,0,0,0,0,0,0,0,0,0,0,0,0,0

16.68228,0,0,0,0,0,0,0,0,0,0,0,0,0,0,0,0,0,0

16.70727,0,0,0,0,0,0,0,0,0,0,0,0,0,0,0,0,0,0

16.73292,0,0,0,0,0,0,0,0,0,0,0,0,0,0,0,0,0,0

16.75724,0,0,0,0,0,0,0,0,0,0,0,0,0,0,0,0,0,0

16.78238,0,0,0,0,0,0,0,0,0,0,0,0,0,0,0,0,0,0

16.8073,0,0,0,0,0,0,0,0,0,0,0,0,0,0,0,0,0,0

16.83216,0,0,0,0,0,0,0,0,0,0,0,0,0,0,0,0,0,0

16.85717,0,0,0,0,0,0,0,0,0,0,0,0,0,0,0,0,0,0

16.8822,0,0,0,0,0,0,0,0,0,0,0,0,0,0,0,0,0,0

16.9077,0,0,0,0,0,0,0,0,0,0,0,0,0,0,0,0,0,0

16.93217,0,0,0,0,0,0,0,0,0,0,0,0,0,0,0,0,0,0

16.95744,0,0,0,0,0,0,0,0,0,0,0,0,0,0,0,0,0,0

16.98209,0,0,0,0,0,0,0,0,0,0,0,0,0,0,0,0,0,0

17.00703,0,0,0,0,0,0,0,0,0,0,0,0,0,0,0,0,0,0

17.03238,0,0,0,0,0,0,0,0,0,0,0,0,0,0,0,0,0,0

17.05723,0,0,0,0,0,0,0,0,0,0,0,0,0,0,0,0,0,0

17.08271,0,0,0,0,0,0,0,0,0,0,0,0,0,0,0,0,0,0

17.10708,0,0,0,0,0,0,0,0,0,0,0,0,0,0,0,0,0,0

17.1323,0,0,0,0,0,0,0,0,0,0,0,0,0,0,0,0,0,0

17.15734,0,0,0,0,0,0,0,0,0,0,0,0,0,0,0,0,0,0

17.1823,0,0,0,0,0,0,0,0,0,0,0,0,0,0,0,0,0,0

17.20732,0,0,0,0,0,0,0,0,0,0,0,0,0,0,0,0,0,0

17.23221,0,0,0,0,0,0,0,0,0,0,0,0,0,0,0,0,0,0

17.25734,0,0,0,0,0,0,0,0,0,0,0,0,0,0,0,0,0,0

17.28205,0,0,0,0,0,0,0,0,0,0,0,0,0,0,0,0,0,0

17.30708,0,0,0,0,0,0,0,0,0,0,0,0,0,0,0,0,0,0

17.33241,0,0,0,0,0,0,0,0,0,0,0,0,0,0,0,0,0,0

17.35729,0,0,0,0,0,0,0,0,0,0,0,0,0,0,0,0,0,0

17.38198,0,0,0,0,0,0,0,0,0,0,0,0,0,0,0,0,0,0

17.40734,0,0,0,0,0,0,0,0,0,0,0,0,0,0,0,0,0,0

17.43198,0,0,0,0,0,0,0,0,0,0,0,0,0,0,0,0,0,0

17.45723,0,0,0,0,0,0,0,0,0,0,0,0,0,0,0,0,0,0

17.48199,0,0,0,0,0,0,0,0,0,0,0,0,0,0,0,0,0,0

17.50692,0,0,0,0,0,0,0,0,0,0,0,0,0,0,0,0,0,0

17.53212,0,0,0,0,0,0,0,0,0,0,0,0,0,0,0,0,0,0

17.55749,0,0,0,0,0,0,0,0,0,0,0,0,0,0,0,0,0,0

17.58183,0,0,0,0,0,0,0,0,0,0,0,0,0,0,0,0,0,0

17.6068,0,0,0,0,0,0,0,0,0,0,0,0,0,0,0,0,0,0

17.63166,0,0,0,0,0,0,0,0,0,0,0,0,0,0,0,0,0,0

17.65696,0,0,0,0,0,0,0,0,0,0,0,0,0,0,0,0,0,0

17.68188,0,0,0,0,0,0,0,0,0,0,0,0,0,0,0,0,0,0

17.70667,0,0,0,0,0,0,0,0,0,0,0,0,0,0,0,0,0,0

17.73221,0,0,0,0,0,0,0,0,0,0,0,0,0,0,0,0,0,0

17.75673,0,0,0,0,0,0,0,0,0,0,0,0,0,0,0,0,0,0

17.78202,0,0,0,0,0,0,0,0,0,0,0,0,0,0,0,0,0,0

17.80669,0,0,0,0,0,0,0,0,0,0,0,0,0,0,0,0,0,0

17.83186,0,0,0,0,0,0,0,0,0,0,0,0,0,0,0,0,0,0

17.85674,0,0,0,0,0,0,0,0,0,0,0,0,0,0,0,0,0,0

17.88166,0,0,0,0,0,0,0,0,0,0,0,0,0,0,0,0,0,0

17.90687,0,0,0,0,0,0,0,0,0,0,0,0,0,0,0,0,0,0

17.93198,0,0,0,0,0,0,0,0,0,0,0,0,0,0,0,0,0,0

17.95686,0,0,0,0,0,0,0,0,0,0,0,0,0,0,0,0,0,0

17.98163,0,0,0,0,0,0,0,0,0,0,0,0,0,0,0,0,0,0

18.00675,0,0,0,0,0,0,0,0,0,0,0,0,0,0,0,0,0,0

18.0317,0,0,0,0,0,0,0,0,0,0,0,0,0,0,0,0,0,0

18.05715,0,0,0,0,0,0,0,0,0,0,0,0,0,0,0,0,0,0

18.08172,0,0,0,0,0,0,0,0,0,0,0,0,0,0,0,0,0,0

18.10652,0,0,0,0,0,0,0,0,0,0,0,0,0,0,0,0,0,0

18.13144,0,0,0,0,0,0,0,0,0,0,0,0,0,0,0,0,0,0

18.15686,0,0,0,0,0,0,0,0,0,0,0,0,0,0,0,0,0,0

18.1815,0,0,0,0,0,0,0,0,0,0,0,0,0,0,0,0,0,0

18.20676,0,0,0,0,0,0,0,0,0,0,0,0,0,0,0,0,0,0

18.23185,0,0,0,0,0,0,0,0,0,0,0,0,0,0,0,0,0,0

18.25649,0,0,0,0,0,0,0,0,0,0,0,0,0,0,0,0,0,0

18.28143,0,0,0,0,0,0,0,0,0,0,0,0,0,0,0,0,0,0

18.30653,0,0,0,0,0,0,0,0,0,0,0,0,0,0,0,0,0,0

18.33192,0,0,0,0,0,0,0,0,0,0,0,0,0,0,0,0,0,0

18.35674,0,0,0,0,0,0,0,0,0,0,0,0,0,0,0,0,0,0

18.38202,0,0,0,0,0,0,0,0,0,0,0,0,0,0,0,0,0,0

18.40678,0,0,0,0,0,0,0,0,0,0,0,0,0,0,0,0,0,0

18.43167,0,0,0,0,0,0,0,0,0,0,0,0,0,0,0,0,0,0

18.45636,0,0,0,0,0,0,0,0,0,0,0,0,0,0,0,0,0,0

18.48138,0,0,0,0,0,0,0,0,0,0,0,0,0,0,0,0,0,0

18.50627,0,0,0,0,0,0,0,0,0,0,0,0,0,0,0,0,0,0

18.53133,0,0,0,0,0,0,0,0,0,0,0,0,0,0,0,0,0,0

18.55733,0,0,0,0,0,0,0,0,0,0,0,0,0,0,0,0,0,0

18.58147,0,0,0,0,0,0,0,0,0,0,0,0,0,0,0,0,0,0

18.60646,0,0,0,0,0,0,0,0,0,0,0,0,0,0,0,0,0,0

18.63137,0,0,0,0,0,0,0,0,0,0,0,0,0,0,0,0,0,0

18.65634,0,0,0,0,0,0,0,0,0,0,0,0,0,0,0,0,0,0

18.68137,0,0,0,0,0,0,0,0,0,0,0,0,0,0,0,0,0,0

18.70623,0,0,0,0,0,0,0,0,0,0,0,0,0,0,0,0,0,0

18.7319,0,0,0,0,0,0,0,0,0,0,0,0,0,0,0,0,0,0

18.75633,0,0,0,0,0,0,0,0,0,0,0,0,0,0,0,0,0,0

18.78126,0,0,0,0,0,0,0,0,0,0,0,0,0,0,0,0,0,0

18.80633,0,0,0,0,0,0,0,0,0,0,0,0,0,0,0,0,0,0

18.83128,0,0,0,0,0,0,0,0,0,0,0,0,0,0,0,0,0,0

18.85652,0,0,0,0,0,0,0,0,0,0,0,0,0,0,0,0,0,0

18.88127,0,0,0,0,0,0,0,0,0,0,0,0,0,0,0,0,0,0

18.90699,0,0,0,0,0,0,0,0,0,0,0,0,0,0,0,0,0,0

18.93114,0,0,0,0,0,0,0,0,0,0,0,0,0,0,0,0,0,0

18.95678,0,0,0,0,0,0,0,0,0,0,0,0,0,0,0,0,0,0

18.98119,0,0,0,0,0,0,0,0,0,0,0,0,0,0,0,0,0,0

19.00626,0,0,0,0,0,0,0,0,0,0,0,0,0,0,0,0,0,0

19.0312,0,0,0,0,0,0,0,0,0,0,0,0,0,0,0,0,0,0

19.05638,0,0,0,0,0,0,0,0,0,0,0,0,0,0,0,0,0,0

19.08176,0,0,0,0,0,0,0,0,0,0,0,0,0,0,0,0,0,0

19.10637,0,0,0,0,0,0,0,0,0,0,0,0,0,0,0,0,0,0

19.13128,0,0,0,0,0,0,0,0,0,0,0,0,0,0,0,0,0,0

19.15631,0,0,0,0,0,0,0,0,0,0,0,0,0,0,0,0,0,0

19.18116,0,0,0,0,0,0,0,0,0,0,0,0,0,0,0,0,0,0

19.20646,0,0,0,0,0,0,0,0,0,0,0,0,0,0,0,0,0,0

19.23123,0,0,0,0,0,0,0,0,0,0,0,0,0,0,0,0,0,0

19.25641,0,0,0,0,0,0,0,0,0,0,0,0,0,0,0,0,0,0

19.28116,0,0,0,0,0,0,0,0,0,0,0,0,0,0,0,0,0,0

19.30624,0,0,0,0,0,0,0,0,0,0,0,0,0,0,0,0,0,0

19.3312,0,0,0,0,0,0,0,0,0,0,0,0,0,0,0,0,0,0

19.35647,0,0,0,0,0,0,0,0,0,0,0,0,0,0,0,0,0,0

19.38116,0,0,0,0,0,0,0,0,0,0,0,0,0,0,0,0,0,0

19.40606,0,0,0,0,0,0,0,0,0,0,0,0,0,0,0,0,0,0

19.43137,0,0,0,0,0,0,0,0,0,0,0,0,0,0,0,0,0,0

19.45633,0,0,0,0,0,0,0,0,0,0,0,0,0,0,0,0,0,0

19.48084,0,0,0,0,0,0,0,0,0,0,0,0,0,0,0,0,0,0

19.50595,0,0,0,0,0,0,0,0,0,0,0,0,0,0,0,0,0,0

19.53195,0,0,0,0,0,0,0,0,0,0,0,0,0,0,0,0,0,0

19.56215,0,0,0,0,0,0,0,0,0,0,0,0,0,0,0,0,0,0

19.5809,0,0,0,0,0,0,0,0,0,0,0,0,0,0,0,0,0,0

19.60576,0,0,0,0,0,0,0,0,0,0,0,0,0,0,0,0,0,0

19.63074,0,0,0,0,0,0,0,0,0,0,0,0,0,0,0,0,0,0

19.65626,0,0,0,0,0,0,0,0,0,0,0,0,0,0,0,0,0,0

19.68093,0,0,0,0,0,0,0,0,0,0,0,0,0,0,0,0,0,0

19.70689,0,0,0,0,0,0,0,0,0,0,0,0,0,0,0,0,0,0

19.73095,0,0,0,0,0,0,0,0,0,0,0,0,0,0,0,0,0,0

19.75644,0,0,0,0,0,0,0,0,0,0,0,0,0,0,0,0,0,0

19.78075,0,0,0,0,0,0,0,0,0,0,0,0,0,0,0,0,0,0

19.80582,0,0,0,0,0,0,0,0,0,0,0,0,0,0,0,0,0,0

19.831,0,0,0,0,0,0,0,0,0,0,0,0,0,0,0,0,0,0

19.85556,0,0,0,0,0,0,0,0,0,0,0,0,0,0,0,0,0,0

19.881,0,0,0,0,0,0,0,0,0,0,0,0,0,0,0,0,0,0

19.90581,0,0,0,0,0,0,0,0,0,0,0,0,0,0,0,0,0,0

19.93157,0,0,0,0,0,0,0,0,0,0,0,0,0,0,0,0,0,0

19.95584,0,0,0,0,0,0,0,0,0,0,0,0,0,0,0,0,0,0

19.98078,0,0,0,0,0,0,0,0,0,0,0,0,0,0,0,0,0,0

20.00603,0,0,0,0,0,0,0,0,0,0,0,0,0,0,0,0,0,0

20.03079,0,0,0,0,0,0,0,0,0,0,0,0,0,0,0,0,0,0

20.05565,0,0,0,0,0,0,0,0,0,0,0,0,0,0,0,0,0,0

20.08119,0,0,0,0,0,0,0,0,0,0,0,0,0,0,0,0,0,0

20.10604,0,0,0,0,0,0,0,0,0,0,0,0,0,0,0,0,0,0

20.13106,0,0,0,0,0,0,0,0,0,0,0,0,0,0,0,0,0,0

20.15587,0,0,0,0,0,0,0,0,0,0,0,0,0,0,0,0,0,0

20.18079,0,0,0,0,0,0,0,0,0,0,0,0,0,0,0,0,0,0

20.20583,0,0,0,0,0,0,0,0,0,0,0,0,0,0,0,0,0,0

20.23069,0,0,0,0,0,0,0,0,0,0,0,0,0,0,0,0,0,0

20.25619,0,0,0,0,0,0,0,0,0,0,0,0,0,0,0,0,0,0

20.28066,0,0,0,0,0,0,0,0,0,0,0,0,0,0,0,0,0,0

20.30577,0,0,0,0,0,0,0,0,0,0,0,0,0,0,0,0,0,0

20.33162,0,0,0,0,0,0,0,0,0,0,0,0,0,0,0,0,0,0

20.35565,0,0,0,0,0,0,0,0,0,0,0,0,0,0,0,0,0,0

20.3807,0,0,0,0,0,0,0,0,0,0,0,0,0,0,0,0,0,0

20.40561,0,0,0,0,0,0,0,0,0,0,0,0,0,0,0,0,0,0

20.43091,0,0,0,0,0,0,0,0,0,0,0,0,0,0,0,0,0,0

20.45559,0,0,0,0,0,0,0,0,0,0,0,0,0,0,0,0,0,0

20.4806,0,0,0,0,0,0,0,0,0,0,0,0,0,0,0,0,0,0

20.50518,0,0,0,0,0,0,0,0,0,0,0,0,0,0,0,0,0,0

20.53051,0,0,0,0,0,0,0,0,0,0,0,0,0,0,0,0,0,0

20.55565,0,0,0,0,0,0,0,0,0,0,0,0,0,0,0,0,0,0

20.58109,0,0,0,0,0,0,0,0,0,0,0,0,0,0,0,0,0,0

20.6053,0,0,0,0,0,0,0,0,0,0,0,0,0,0,0,0,0,0

20.6304,0,0,0,0,0,0,0,0,0,0,0,0,0,0,0,0,0,0

20.65537,0,0,0,0,0,0,0,0,0,0,0,0,0,0,0,0,0,0

20.68043,0,0,0,0,0,0,0,0,0,0,0,0,0,0,0,0,0,0

20.70543,0,0,0,0,0,0,0,0,0,0,0,0,0,0,0,0,0,0

20.73029,0,0,0,0,0,0,0,0,0,0,0,0,0,0,0,0,0,0

20.75573,0,0,0,0,0,0,0,0,0,0,0,0,0,0,0,0,0,0

20.78042,0,0,0,0,0,0,0,0,0,0,0,0,0,0,0,0,0,0

20.80564,0,0,0,0,0,0,0,0,0,0,0,0,0,0,0,0,0,0

20.83023,0,0,0,0,0,0,0,0,0,0,0,0,0,0,0,0,0,0

20.85536,0,0,0,0,0,0,0,0,0,0,0,0,0,0,0,0,0,0

20.8803,0,0,0,0,0,0,0,0,0,0,0,0,0,0,0,0,0,0

20.90573,0,0,0,0,0,0,0,0,0,0,0,0,0,0,0,0,0,0

20.93037,0,0,0,0,0,0,0,0,0,0,0,0,0,0,0,0,0,0

20.95541,0,0,0,0,0,0,0,0,0,0,0,0,0,0,0,0,0,0

20.98038,0,0,0,0,0,0,0,0,0,0,0,0,0,0,0,0,0,0

21.00521,0,0,0,0,0,0,0,0,0,0,0,0,0,0,0,0,0,0

21.0302,0,0,0,0,0,0,0,0,0,0,0,0,0,0,0,0,0,0

21.05531,0,0,0,0,0,0,0,0,0,0,0,0,0,0,0,0,0,0

21.0807,0,0,0,0,0,0,0,0,0,0,0,0,0,0,0,0,0,0

21.10527,0,0,0,0,0,0,0,0,0,0,0,0,0,0,0,0,0,0

21.13031,0,0,0,0,0,0,0,0,0,0,0,0,0,0,0,0,0,0

21.15511,0,0,0,0,0,0,0,0,0,0,0,0,0,0,0,0,0,0

21.18035,0,0,0,0,0,0,0,0,0,0,0,0,0,0,0,0,0,0

21.20511,0,0,0,0,0,0,0,0,0,0,0,0,0,0,0,0,0,0

21.23018,0,0,0,0,0,0,0,0,0,0,0,0,0,0,0,0,0,0

21.25563,0,0,0,0,0,0,0,0,0,0,0,0,0,0,0,0,0,0

21.28002,0,0,0,0,0,0,0,0,0,0,0,0,0,0,0,0,0,0

21.30525,0,0,0,0,0,0,0,0,0,0,0,0,0,0,0,0,0,0

21.33017,0,0,0,0,0,0,0,0,0,0,0,0,0,0,0,0,0,0

21.35527,0,0,0,0,0,0,0,0,0,0,0,0,0,0,0,0,0,0

21.38006,0,0,0,0,0,0,0,0,0,0,0,0,0,0,0,0,0,0

21.40503,0,0,0,0,0,0,0,0,0,0,0,0,0,0,0,0,0,0

21.43029,0,0,0,0,0,0,0,0,0,0,0,0,0,0,0,0,0,0

21.45538,0,0,0,0,0,0,0,0,0,0,0,0,0,0,0,0,0,0

21.48011,0,0,0,0,0,0,0,0,0,0,0,0,0,0,0,0,0,0

21.50566,0,0,0,0,0,0,0,0,0,0,0,0,0,0,0,0,0,0

21.53032,0,0,0,0,0,0,0,0,0,0,0,0,0,0,0,0,0,0

21.55515,0,0,0,0,0,0,0,0,0,0,0,0,0,0,0,0,0,0

21.58055,0,0,0,0,0,0,0,0,0,0,0,0,0,0,0,0,0,0

21.60505,0,0,0,0,0,0,0,0,0,0,0,0,0,0,0,0,0,0

21.63029,0,0,0,0,0,0,0,0,0,0,0,0,0,0,0,0,0,0

21.65504,0,0,0,0,0,0,0,0,0,0,0,0,0,0,0,0,0,0

21.68006,0,0,0,0,0,0,0,0,0,0,0,0,0,0,0,0,0,0

21.70509,0,0,0,0,0,0,0,0,0,0,0,0,0,0,0,0,0,0

21.72998,0,0,0,0,0,0,0,0,0,0,0,0,0,0,0,0,0,0

21.7553,0,0,0,0,0,0,0,0,0,0,0,0,0,0,0,0,0,0

21.78005,0,0,0,0,0,0,0,0,0,0,0,0,0,0,0,0,0,0

21.80466,0,0,0,0,0,0,0,0,0,0,0,0,0,0,0,0,0,0

21.82983,0,0,0,0,0,0,0,0,0,0,0,0,0,0,0,0,0,0

21.85494,0,0,0,0,0,0,0,0,0,0,0,0,0,0,0,0,0,0

21.87991,0,0,0,0,0,0,0,0,0,0,0,0,0,0,0,0,0,0

21.90515,0,0,0,0,0,0,0,0,0,0,0,0,0,0,0,0,0,0

21.92976,0,0,0,0,0,0,0,0,0,0,0,0,0,0,0,0,0,0

21.95494,0,0,0,0,0,0,0,0,0,0,0,0,0,0,0,0,0,0

21.98006,0,0,0,0,0,0,0,0,0,0,0,0,0,0,0,0,0,0

22.00496,0,0,0,0,0,0,0,0,0,0,0,0,0,0,0,0,0,0

22.02993,0,0,0,0,0,0,0,0,0,0,0,0,0,0,0,0,0,0

22.05475,0,0,0,0,0,0,0,0,0,0,0,0,0,0,0,0,0,0

22.08001,0,0,0,0,0,0,0,0,0,0,0,0,0,0,0,0,0,0

22.10485,0,0,0,0,0,0,0,0,0,0,0,0,0,0,0,0,0,0

22.13007,0,0,0,0,0,0,0,0,0,0,0,0,0,0,0,0,0,0

22.15488,0,0,0,0,0,0,0,0,0,0,0,0,0,0,0,0,0,0

22.1794,0,0,0,0,0,0,0,0,0,0,0,0,0,0,0,0,0,0

22.20485,0,0,0,0,0,0,0,0,0,0,0,0,0,0,0,0,0,0

22.22951,0,0,0,0,0,0,0,0,0,0,0,0,0,0,0,0,0,0

22.25509,0,0,0,0,0,0,0,0,0,0,0,0,0,0,0,0,0,0

22.27964,0,0,0,0,0,0,0,0,0,0,0,0,0,0,0,0,0,0

22.3047,0,0,0,0,0,0,0,0,0,0,0,0,0,0,0,0,0,0

22.32983,0,0,0,0,0,0,0,0,0,0,0,0,0,0,0,0,0,0

22.35464,0,0,0,0,0,0,0,0,0,0,0,0,0,0,0,0,0,0

22.37995,0,0,0,0,0,0,0,0,0,0,0,0,0,0,0,0,0,0

22.40509,0,0,0,0,0,0,0,0,0,0,0,0,0,0,0,0,0,0

22.42979,0,0,0,0,0,0,0,0,0,0,0,0,0,0,0,0,0,0

22.45466,0,0,0,0,0,0,0,0,0,0,0,0,0,0,0,0,0,0

22.47948,0,0,0,0,0,0,0,0,0,0,0,0,0,0,0,0,0,0

22.50478,0,0,0,0,0,0,0,0,0,0,0,0,0,0,0,0,0,0

22.52956,0,0,0,0,0,0,0,0,0,0,0,0,0,0,0,0,0,0

22.55457,0,0,0,0,0,0,0,0,0,0,0,0,0,0,0,0,0,0

22.57959,0,0,0,0,0,0,0,0,0,0,0,0,0,0,0,0,0,0

22.60456,0,0,0,0,0,0,0,0,0,0,0,0,0,0,0,0,0,0

22.62945,0,0,0,0,0,0,0,0,0,0,0,0,0,0,0,0,0,0

22.65458,0,0,0,0,0,0,0,0,0,0,0,0,0,0,0,0,0,0

22.67935,0,0,0,0,0,0,0,0,0,0,0,0,0,0,0,0,0,0

22.70451,0,0,0,0,0,0,0,0,0,0,0,0,0,0,0,0,0,0

22.72983,0,0,0,0,0,0,0,0,0,0,0,0,0,0,0,0,0,0

22.75433,0,0,0,0,0,0,0,0,0,0,0,0,0,0,0,0,0,0

22.7799,0,0,0,0,0,0,0,0,0,0,0,0,0,0,0,0,0,0

22.80441,0,0,0,0,0,0,0,0,0,0,0,0,0,0,0,0,0,0

22.82955,0,0,0,0,0,0,0,0,0,0,0,0,0,0,0,0,0,0

22.85434,0,0,0,0,0,0,0,0,0,0,0,0,0,0,0,0,0,0

22.87946,0,0,0,0,0,0,0,0,0,0,0,0,0,0,0,0,0,0

22.90462,0,0,0,0,0,0,0,0,0,0,0,0,0,0,0,0,0,0

22.92916,0,0,0,0,0,0,0,0,0,0,0,0,0,0,0,0,0,0

22.95454,0,0,0,0,0,0,0,0,0,0,0,0,0,0,0,0,0,0

22.97936,0,0,0,0,0,0,0,0,0,0,0,0,0,0,0,0,0,0

23.00471,0,0,0,0,0,0,0,0,0,0,0,0,0,0,0,0,0,0

23.02941,0,0,0,0,0,0,0,0,0,0,0,0,0,0,0,0,0,0

23.05422,0,0,0,0,0,0,0,0,0,0,0,0,0,0,0,0,0,0

23.07966,0,0,0,0,0,0,0,0,0,0,0,0,0,0,0,0,0,0

23.10426,0,0,0,0,0,0,0,0,0,0,0,0,0,0,0,0,0,0

23.12943,0,0,0,0,0,0,0,0,0,0,0,0,0,0,0,0,0,0

23.15416,0,0,0,0,0,0,0,0,0,0,0,0,0,0,0,0,0,0

23.17966,0,0,0,0,0,0,0,0,0,0,0,0,0,0,0,0,0,0

23.20404,0,0,0,0,0,0,0,0,0,0,0,0,0,0,0,0,0,0

23.2298,0,0,0,0,0,0,0,0,0,0,0,0,0,0,0,0,0,0

23.2545,0,0,0,0,0,0,0,0,0,0,0,0,0,0,0,0,0,0

23.27911,0,0,0,0,0,0,0,0,0,0,0,0,0,0,0,0,0,0

23.30395,0,0,0,0,0,0,0,0,0,0,0,0,0,0,0,0,0,0

23.32921,0,0,0,0,0,0,0,0,0,0,0,0,0,0,0,0,0,0

23.35424,0,0,0,0,0,0,0,0,0,0,0,0,0,0,0,0,0,0

23.37926,0,0,0,0,0,0,0,0,0,0,0,0,0,0,0,0,0,0

23.40438,0,0,0,0,0,0,0,0,0,0,0,0,0,0,0,0,0,0

23.42895,0,0,0,0,0,0,0,0,0,0,0,0,0,0,0,0,0,0

23.45424,0,0,0,0,0,0,0,0,0,0,0,0,0,0,0,0,0,0

23.47922,0,0,0,0,0,0,0,0,0,0,0,0,0,0,0,0,0,0

23.50418,0,0,0,0,0,0,0,0,0,0,0,0,0,0,0,0,0,0

23.52911,0,0,0,0,0,0,0,0,0,0,0,0,0,0,0,0,0,0

23.55411,0,0,0,0,0,0,0,0,0,0,0,0,0,0,0,0,0,0

23.5797,0,0,0,0,0,0,0,0,0,0,0,0,0,0,0,0,0,0

23.60393,0,0,0,0,0,0,0,0,0,0,0,0,0,0,0,0,0,0

23.62915,0,0,0,0,0,0,0,0,0,0,0,0,0,0,0,0,0,0

23.65415,0,0,0,0,0,0,0,0,0,0,0,0,0,0,0,0,0,0

23.6791,0,0,0,0,0,0,0,0,0,0,0,0,0,0,0,0,0,0

23.70403,0,0,0,0,0,0,0,0,0,0,0,0,0,0,0,0,0,0

23.72905,0,0,0,0,0,0,0,0,0,0,0,0,0,0,0,0,0,0

23.75421,0,0,0,0,0,0,0,0,0,0,0,0,0,0,0,0,0,0

23.77886,0,0,0,0,0,0,0,0,0,0,0,0,0,0,0,0,0,0

23.80422,0,0,0,0,0,0,0,0,0,0,0,0,0,0,0,0,0,0

23.82889,0,0,0,0,0,0,0,0,0,0,0,0,0,0,0,0,0,0

23.85395,0,0,0,0,0,0,0,0,0,0,0,0,0,0,0,0,0,0

23.87931,0,0,0,0,0,0,0,0,0,0,0,0,0,0,0,0,0,0

23.90418,0,0,0,0,0,0,0,0,0,0,0,0,0,0,0,0,0,0

23.92901,0,0,0,0,0,0,0,0,0,0,0,0,0,0,0,0,0,0

23.95398,0,0,0,0,0,0,0,0,0,0,0,0,0,0,0,0,0,0

23.97899,0,0,0,0,0,0,0,0,0,0,0,0,0,0,0,0,0,0

24.00404,0,0,0,0,0,0,0,0,0,0,0,0,0,0,0,0,0,0

24.02905,0,0,0,0,0,0,0,0,0,0,0,0,0,0,0,0,0,0

24.05418,0,0,0,0,0,0,0,0,0,0,0,0,0,0,0,0,0,0

24.07878,0,0,0,0,0,0,0,0,0,0,0,0,0,0,0,0,0,0

24.10372,0,0,0,0,0,0,0,0,0,0,0,0,0,0,0,0,0,0

24.1293,0,0,0,0,0,0,0,0,0,0,0,0,0,0,0,0,0,0

24.15373,0,0,0,0,0,0,0,0,0,0,0,0,0,0,0,0,0,0

24.17868,0,0,0,0,0,0,0,0,0,0,0,0,0,0,0,0,0,0

24.20379,0,0,0,0,0,0,0,0,0,0,0,0,0,0,0,0,0,0

24.2291,0,0,0,0,0,0,0,0,0,0,0,0,0,0,0,0,0,0

24.25402,0,0,0,0,0,0,0,0,0,0,0,0,0,0,0,0,0,0

24.2787,0,0,0,0,0,0,0,0,0,0,0,0,0,0,0,0,0,0

24.30376,0,0,0,0,0,0,0,0,0,0,0,0,0,0,0,0,0,0

24.32878,0,0,0,0,0,0,0,0,0,0,0,0,0,0,0,0,0,0

24.35364,0,0,0,0,0,0,0,0,0,0,0,0,0,0,0,0,0,0

24.37938,0,0,0,0,0,0,0,0,0,0,0,0,0,0,0,0,0,0

24.40395,0,0,0,0,0,0,0,0,0,0,0,0,0,0,0,0,0,0

24.42888,0,0,0,0,0,0,0,0,0,0,0,0,0,0,0,0,0,0

24.45378,0,0,0,0,0,0,0,0,0,0,0,0,0,0,0,0,0,0

24.47877,0,0,0,0,0,0,0,0,0,0,0,0,0,0,0,0,0,0

24.50362,0,0,0,0,0,0,0,0,0,0,0,0,0,0,0,0,0,0

24.52864,0,0,0,0,0,0,0,0,0,0,0,0,0,0,0,0,0,0

24.55399,0,0,0,0,0,0,0,0,0,0,0,0,0,0,0,0,0,0

24.57855,0,0,0,0,0,0,0,0,0,0,0,0,0,0,0,0,0,0

24.60372,0,0,0,0,0,0,0,0,0,0,0,0,0,0,0,0,0,0

24.62869,0,0,0,0,0,0,0,0,0,0,0,0,0,0,0,0,0,0

24.65384,0,0,0,0,0,0,0,0,0,0,0,0,0,0,0,0,0,0

24.67842,0,0,0,0,0,0,0,0,0,0,0,0,0,0,0,0,0,0

24.70344,0,0,0,0,0,0,0,0,0,0,0,0,0,0,0,0,0,0

24.72872,0,0,0,0,0,0,0,0,0,0,0,0,0,0,0,0,0,0

24.75347,0,0,0,0,0,0,0,0,0,0,0,0,0,0,0,0,0,0

24.77855,0,0,0,0,0,0,0,0,0,0,0,0,0,0,0,0,0,0

24.80346,0,0,0,0,0,0,0,0,0,0,0,0,0,0,0,0,0,0

24.82871,0,0,0,0,0,0,0,0,0,0,0,0,0,0,0,0,0,0

24.85344,0,0,0,0,0,0,0,0,0,0,0,0,0,0,0,0,0,0

24.87888,0,0,0,0,0,0,0,0,0,0,0,0,0,0,0,0,0,0

24.9035,0,0,0,0,0,0,0,0,0,0,0,0,0,0,0,0,0,0

24.92846,0,0,0,0,0,0,0,0,0,0,0,0,0,0,0,0,0,0

24.95341,0,0,0,0,0,0,0,0,0,0,0,0,0,0,0,0,0,0

24.97848,0,0,0,0,0,0,0,0,0,0,0,0,0,0,0,0,0,0

25.00379,0,0,0,0,0,0,0,0,0,0,0,0,0,0,0,0,0,0

25.02838,0,0,0,0,0,0,0,0,0,0,0,0,0,0,0,0,0,0

25.05393,0,0,0,0,0,0,0,0,0,0,0,0,0,0,0,0,0,0

25.0785,0,0,0,0,0,0,0,0,0,0,0,0,0,0,0,0,0,0

25.10328,0,0,0,0,0,0,0,0,0,0,0,0,0,0,0,0,0,0

25.1284,0,0,0,0,0,0,0,0,0,0,0,0,0,0,0,0,0,0

25.15358,0,0,0,0,0,0,0,0,0,0,0,0,0,0,0,0,0,0

25.17837,0,0,0,0,0,0,0,0,0,0,0,0,0,0,0,0,0,0

25.20344,0,0,0,0,0,0,0,0,0,0,0,0,0,0,0,0,0,0

25.22861,0,0,0,0,0,0,0,0,0,0,0,0,0,0,0,0,0,0

25.25321,0,0,0,0,0,0,0,0,0,0,0,0,0,0,0,0,0,0

25.27828,0,0,0,0,0,0,0,0,0,0,0,0,0,0,0,0,0,0

25.30339,0,0,0,0,0,0,0,0,0,0,0,0,0,0,0,0,0,0

25.32834,0,0,0,0,0,0,0,0,0,0,0,0,0,0,0,0,0,0

25.35353,0,0,0,0,0,0,0,0,0,0,0,0,0,0,0,0,0,0

25.37868,0,0,0,0,0,0,0,0,0,0,0,0,0,0,0,0,0,0

25.40318,0,0,0,0,0,0,0,0,0,0,0,0,0,0,0,0,0,0

25.42811,0,0,0,0,0,0,0,0,0,0,0,0,0,0,0,0,0,0

25.45348,0,0,0,0,0,0,0,0,0,0,0,0,0,0,0,0,0,0

25.47835,0,0,0,0,0,0,0,0,0,0,0,0,0,0,0,0,0,0

25.50376,0,0,0,0,0,0,0,0,0,0,0,0,0,0,0,0,0,0

25.52818,0,0,0,0,0,0,0,0,0,0,0,0,0,0,0,0,0,0

25.55341,0,0,0,0,0,0,0,0,0,0,0,0,0,0,0,0,0,0

25.57821,0,0,0,0,0,0,0,0,0,0,0,0,0,0,0,0,0,0

25.60344,0,0,0,0,0,0,0,0,0,0,0,0,0,0,0,0,0,0

25.62822,0,0,0,0,0,0,0,0,0,0,0,0,0,0,0,0,0,0

25.65314,0,0,0,0,0,0,0,0,0,0,0,0,0,0,0,0,0,0

25.6782,0,0,0,0,0,0,0,0,0,0,0,0,0,0,0,0,0,0

25.70366,0,0,0,0,0,0,0,0,0,0,0,0,0,0,0,0,0,0

25.72804,0,0,0,0,0,0,0,0,0,0,0,0,0,0,0,0,0,0

25.75364,0,0,0,0,0,0,0,0,0,0,0,0,0,0,0,0,0,0

25.77808,0,0,0,0,0,0,0,0,0,0,0,0,0,0,0,0,0,0

25.80354,0,0,0,0,0,0,0,0,0,0,0,0,0,0,0,0,0,0

25.82821,0,0,0,0,0,0,0,0,0,0,0,0,0,0,0,0,0,0

25.85304,0,0,0,0,0,0,0,0,0,0,0,0,0,0,0,0,0,0

25.87856,0,0,0,0,0,0,0,0,0,0,0,0,0,0,0,0,0,0

25.90283,0,0,0,0,0,0,0,0,0,0,0,0,0,0,0,0,0,0

25.92803,0,0,0,0,0,0,0,0,0,0,0,0,0,0,0,0,0,0

25.95296,0,0,0,0,0,0,0,0,0,0,0,0,0,0,0,0,0,0

25.97774,0,0,0,0,0,0,0,0,0,0,0,0,0,0,0,0,0,0

26.00348,0,0,0,0,0,0,0,0,0,0,0,0,0,0,0,0,0,0

26.02821,0,0,0,0,0,0,0,0,0,0,0,0,0,0,0,0,0,0

26.0533,0,0,0,0,0,0,0,0,0,0,0,0,0,0,0,0,0,0

26.07815,0,0,0,0,0,0,0,0,0,0,0,0,0,0,0,0,0,0

26.10309,0,0,0,0,0,0,0,0,0,0,0,0,0,0,0,0,0,0

26.12802,0,0,0,0,0,0,0,0,0,0,0,0,0,0,0,0,0,0

26.15336,0,0,0,0,0,0,0,0,0,0,0,0,0,0,0,0,0,0

26.17786,0,0,0,0,0,0,0,0,0,0,0,0,0,0,0,0,0,0

26.20297,0,0,0,0,0,0,0,0,0,0,0,0,0,0,0,0,0,0

26.22824,0,0,0,0,0,0,0,0,0,0,0,0,0,0,0,0,0,0

26.25302,0,0,0,0,0,0,0,0,0,0,0,0,0,0,0,0,0,0

26.27815,0,0,0,0,0,0,0,0,0,0,0,0,0,0,0,0,0,0

26.3029,0,0,0,0,0,0,0,0,0,0,0,0,0,0,0,0,0,0

26.32766,0,0,0,0,0,0,0,0,0,0,0,0,0,0,0,0,0,0

26.35311,0,0,0,0,0,0,0,0,0,0,0,0,0,0,0,0,0,0

26.37767,0,0,0,0,0,0,0,0,0,0,0,0,0,0,0,0,0,0

26.40319,0,0,0,0,0,0,0,0,0,0,0,0,0,0,0,0,0,0

26.42793,0,0,0,0,0,0,0,0,0,0,0,0,0,0,0,0,0,0

26.45311,0,0,0,0,0,0,0,0,0,0,0,0,0,0,0,0,0,0

26.47804,0,0,0,0,0,0,0,0,0,0,0,0,0,0,0,0,0,0

26.5033,0,0,0,0,0,0,0,0,0,0,0,0,0,0,0,0,0,0

26.52788,0,0,0,0,0,0,0,0,0,0,0,0,0,0,0,0,0,0

26.55358,0,0,0,0,0,0,0,0,0,0,0,0,0,0,0,0,0,0

26.59049,0,0,0,0,0,0,0,0,0,0,0,0,0,0,0,0,0,0

26.59729,0,0,0,0,0,0,0,0,0,0,0,0,0,0,0,0,0,0

26.61152,0,0,0,0,0,0,0,0,0,0,0,0,0,0,0,0,0,0

26.63503,0,0,0,0,0,0,0,0,0,0,0,0,0,0,0,0,0,0

26.66997,0,0,0,0,0,0,0,0,0,0,0,0,0,0,0,0,0,0

26.68424,0,0,0,0,0,0,0,0,0,0,0,0,0,0,0,0,0,0

26.70993,0,0,0,0,0,0,0,0,0,0,0,0,0,0,0,0,0,0

26.73382,0,0,0,0,0,0,0,0,0,0,0,0,0,0,0,0,0,0

26.76905,0,0,0,0,0,0,0,0,0,0,0,0,0,0,0,0,0,0

26.78421,0,0,0,0,0,0,0,0,0,0,0,0,0,0,0,0,0,0

26.80977,0,0,0,0,0,0,0,0,0,0,0,0,0,0,0,0,0,0

26.84339,0,0,0,0,0,0,0,0,0,0,0,0,0,0,0,0,0,0

26.86028,0,0,0,0,0,0,0,0,0,0,0,0,0,0,0,0,0,0

26.88512,0,0,0,0,0,0,0,0,0,0,0,0,0,0,0,0,0,0

26.9098,0,0,0,0,0,0,0,0,0,0,0,0,0,0,0,0,0,0

26.94828,0,0,0,0,0,0,0,0,0,0,0,0,0,0,0,0,0,0

26.96036,0,0,0,0,0,0,0,0,0,0,0,0,0,0,0,0,0,0

26.98529,0,0,0,0,0,0,0,0,0,0,0,0,0,0,0,0,0,0

27.00976,0,0,0,0,0,0,0,0,0,0,0,0,0,0,0,0,0,0

27.04571,0,0,0,0,0,0,0,0,0,0,0,0,0,0,0,0,0,0

27.06044,0,0,0,0,0,0,0,0,0,0,0,0,0,0,0,0,0,0

27.08568,0,0,0,0,0,0,0,0,0,0,0,0,0,0,0,0,0,0

27.1107,0,0,0,0,0,0,0,0,0,0,0,0,0,0,0,0,0,0

27.14743,0,0,0,0,0,0,0,0,0,0,0,0,0,0,0,0,0,0

27.16211,0,0,0,0,0,0,0,0,0,0,0,0,0,0,0,0,0,0

27.18682,0,0,0,0,0,0,0,0,0,0,0,0,0,0,0,0,0,0

27.22054,0,0,0,0,0,0,0,0,0,0,0,0,0,0,0,0,0,0

27.2363,0,0,0,0,0,0,0,0,0,0,0,0,0,0,0,0,0,0

27.26135,0,0,0,0,0,0,0,0,0,0,0,0,0,0,0,0,0,0

27.29585,0,0,0,0,0,0,0,0,0,0,0,0,0,0,0,0,0,0

27.311,0,0,0,0,0,0,0,0,0,0,0,0,0,0,0,0,0,0

27.33618,0,0,0,0,0,0,0,0,0,0,0,0,0,0,0,0,0,0

27.37132,0,0,0,0,0,0,0,0,0,0,0,0,0,0,0,0,0,0

27.38625,0,0,0,0,0,0,0,0,0,0,0,0,0,0,0,0,0,0

27.41194,0,0,0,0,0,0,0,0,0,0,0,0,0,0,0,0,0,0

27.44692,0,0,0,0,0,0,0,0,0,0,0,0,0,0,0,0,0,0

27.46189,0,0,0,0,0,0,0,0,0,0,0,0,0,0,0,0,0,0

27.48687,0,0,0,0,0,0,0,0,0,0,0,0,0,0,0,0,0,0

27.52239,0,0,0,0,0,0,0,0,0,0,0,0,0,0,0,0,0,0

27.537,0,0,0,0,0,0,0,0,0,0,0,0,0,0,0,0,0,0

27.56155,0,0,0,0,0,0,0,0,0,0,0,0,0,0,0,0,0,0

27.59665,0,0,0,0,0,0,0,0,0,0,0,0,0,0,0,0,0,0

27.61214,0,0,0,0,0,0,0,0,0,0,0,0,0,0,0,0,0,0

27.63685,0,0,0,0,0,0,0,0,0,0,0,0,0,0,0,0,0,0

27.66205,0,0,0,0,0,0,0,0,0,0,0,0,0,0,0,0,0,0

27.70257,0,0,0,0,0,0,0,0,0,0,0,0,0,0,0,0,0,0

27.71211,0,0,0,0,0,0,0,0,0,0,0,0,0,0,0,0,0,0

27.73717,0,0,0,0,0,0,0,0,0,0,0,0,0,0,0,0,0,0

27.76233,0,0,0,0,0,0,0,0,0,0,0,0,0,0,0,0,0,0

27.78731,0,0,0,0,0,0,0,0,0,0,0,0,0,0,0,0,0,0

27.81231,0,0,0,0,0,0,0,0,0,0,0,0,0,0,0,0,0,0

27.84813,0,0,0,0,0,0,0,0,0,0,0,0,0,0,0,0,0,0

27.86261,0,0,0,0,0,0,0,0,0,0,0,0,0,0,0,0,0,0

27.88739,0,0,0,0,0,0,0,0,0,0,0,0,0,0,0,0,0,0

27.9127,0,0,0,0,0,0,0,0,0,0,0,0,0,0,0,0,0,0

27.93778,0,0,0,0,0,0,0,0,0,0,0,0,0,0,0,0,0,0

27.96292,0,0,0,0,0,0,0,0,0,0,0,0,0,0,0,0,0,0

27.99794,0,0,0,0,0,0,0,0,0,0,0,0,0,0,0,0,0,0

28.01332,0,0,0,0,0,0,0,0,0,0,0,0,0,0,0,0,0,0

28.03802,0,0,0,0,0,0,0,0,0,0,0,0,0,0,0,0,0,0

28.06307,0,0,0,0,0,0,0,0,0,0,0,0,0,0,0,0,0,0

28.08809,0,0,0,0,0,0,0,0,0,0,0,0,0,0,0,0,0,0

28.11312,0,0,0,0,0,0,0,0,0,0,0,0,0,0,0,0,0,0

28.13827,0,0,0,0,0,0,0,0,0,0,0,0,0,0,0,0,0,0

28.17513,0,0,0,0,0,0,0,0,0,0,0,0,0,0,0,0,0,0

28.18853,0,0,0,0,0,0,0,0,0,0,0,0,0,0,0,0,0,0

28.21343,0,0,0,0,0,0,0,0,0,0,0,0,0,0,0,0,0,0

28.2382,0,0,0,0,0,0,0,0,0,0,0,0,0,0,0,0,0,0

28.26296,0,0,0,0,0,0,0,0,0,0,0,0,0,0,0,0,0,0

28.2887,0,0,0,0,0,0,0,0,0,0,0,0,0,0,0,0,0,0

28.31352,0,0,0,0,0,0,0,0,0,0,0,0,0,0,0,0,0,0

28.33948,0,0,0,0,0,0,0,0,0,0,0,0,0,0,0,0,0,0

28.36363,0,0,0,0,0,0,0,0,0,0,0,0,0,0,0,0,0,0

28.38856,0,0,0,0,0,0,0,0,0,0,0,0,0,0,0,0,0,0

28.4138,0,0,0,0,0,0,0,0,0,0,0,0,0,0,0,0,0,0

28.43882,0,0,0,0,0,0,0,0,0,0,0,0,0,0,0,0,0,0

28.46356,0,0,0,0,0,0,0,0,0,0,0,0,0,0,0,0,0,0

28.50067,0,0,0,0,0,0,0,0,0,0,0,0,0,0,0,0,0,0

28.51415,0,0,0,0,0,0,0,0,0,0,0,0,0,0,0,0,0,0

28.53887,0,0,0,0,0,0,0,0,0,0,0,0,0,0,0,0,0,0

28.56363,0,0,0,0,0,0,0,0,0,0,0,0,0,0,0,0,0,0

28.58907,0,0,0,0,0,0,0,0,0,0,0,0,0,0,0,0,0,0

28.61375,0,0,0,0,0,0,0,0,0,0,0,0,0,0,0,0,0,0

28.63885,0,0,0,0,0,0,0,0,0,0,0,0,0,0,0,0,0,0

28.66421,0,0,0,0,0,0,0,0,0,0,0,0,0,0,0,0,0,0

28.68875,0,0,0,0,0,0,0,0,0,0,0,0,0,0,0,0,0,0

28.71427,0,0,0,0,0,0,0,0,0,0,0,0,0,0,0,0,0,0

28.75021,0,0,0,0,0,0,0,0,0,0,0,0,0,0,0,0,0,0

28.76417,0,0,0,0,0,0,0,0,0,0,0,0,0,0,0,0,0,0

28.78931,0,0,0,0,0,0,0,0,0,0,0,0,0,0,0,0,0,0

28.8146,0,0,0,0,0,0,0,0,0,0,0,0,0,0,0,0,0,0

28.84985,0,0,0,0,0,0,0,0,0,0,0,0,0,0,0,0,0,0

28.86451,0,0,0,0,0,0,0,0,0,0,0,0,0,0,0,0,0,0

28.88943,0,0,0,0,0,0,0,0,0,0,0,0,0,0,0,0,0,0

28.92348,0,0,0,0,0,0,0,0,0,0,0,0,0,0,0,0,0,0

28.93964,0,0,0,0,0,0,0,0,0,0,0,0,0,0,0,0,0,0

28.97347,0,0,0,0,0,0,0,0,0,0,0,0,0,0,0,0,0,0

28.98914,0,0,0,0,0,0,0,0,0,0,0,0,0,0,0,0,0,0

29.0231,0,0,0,0,0,0,0,0,0,0,0,0,0,0,0,0,0,0

29.04907,0,0,0,0,0,0,0,0,0,0,0,0,0,0,0,0,0,0

29.07376,0,0,0,0,0,0,0,0,0,0,0,0,0,0,0,0,0,0

29.09833,0,0,0,0,0,0,0,0,0,0,0,0,0,0,0,0,0,0

29.12569,0,0,0,0,0,0,0,0,0,0,0,0,0,0,0,0,0,0

29.15095,0,0,0,0,0,0,0,0,0,0,0,0,0,0,0,0,0,0

29.17356,0,0,0,0,0,0,0,0,0,0,0,0,0,0,0,0,0,0

29.19891,0,0,0,0,0,0,0,0,0,0,0,0,0,0,0,0,0,0

29.22371,0,0,0,0,0,0,0,0,0,0,0,0,0,0,0,0,0,0

29.24841,0,0,0,0,0,0,0,0,0,0,0,0,0,0,0,0,0,0

29.27386,0,0,0,0,0,0,0,0,0,0,0,0,0,0,0,0,0,0

29.29917,0,0,0,0,0,0,0,0,0,0,0,0,0,0,0,0,0,0

29.32375,0,0,0,0,0,0,0,0,0,0,0,0,0,0,0,0,0,0

29.33977,0,0,0,0,0,0,0,0,0,0,0,0,0,0,0,0,0,0

29.37468,0,0,0,0,0,0,0,0,0,0,0,0,0,0,0,0,0,0

29.38974,0,0,0,0,0,0,0,0,0,0,0,0,0,0,0,0,0,0

29.42422,0,0,0,0,0,0,0,0,0,0,0,0,0,0,0,0,0,0

29.4399,0,0,0,0,0,0,0,0,0,0,0,0,0,0,0,0,0,0

29.47516,0,0,0,0,0,0,0,0,0,0,0,0,0,0,0,0,0,0

29.48984,0,0,0,0,0,0,0,0,0,0,0,0,0,0,0,0,0,0

29.53041,0,0,0,0,0,0,0,0,0,0,0,0,0,0,0,0,0,0

29.54002,0,0,0,0,0,0,0,0,0,0,0,0,0,0,0,0,0,0

29.5741,0,0,0,0,0,0,0,0,0,0,0,0,0,0,0,0,0,0

29.58989,0,0,0,0,0,0,0,0,0,0,0,0,0,0,0,0,0,0

29.62369,0,0,0,0,0,0,0,0,0,0,0,0,0,0,0,0,0,0

29.64013,0,0,0,0,0,0,0,0,0,0,0,0,0,0,0,0,0,0

29.67313,0,0,0,0,0,0,0,0,0,0,0,0,0,0,0,0,0,0

29.68991,0,0,0,0,0,0,0,0,0,0,0,0,0,0,0,0,0,0

29.72511,0,0,0,0,0,0,0,0,0,0,0,0,0,0,0,0,0,0

29.74042,0,0,0,0,0,0,0,0,0,0,0,0,0,0,0,0,0,0

29.77491,0,0,0,0,0,0,0,0,0,0,0,0,0,0,0,0,0,0

29.79025,0,0,0,0,0,0,0,0,0,0,0,0,0,0,0,0,0,0

29.824,0,0,0,0,0,0,0,0,0,0,0,0,0,0,0,0,0,0

29.83997,0,0,0,0,0,0,0,0,0,0,0,0,0,0,0,0,0,0

29.87518,0,0,0,0,0,0,0,0,0,0,0,0,0,0,0,0,0,0

29.89049,0,0,0,0,0,0,0,0,0,0,0,0,0,0,0,0,0,0

29.92441,0,0,0,0,0,0,0,0,0,0,0,0,0,0,0,0,0,0

29.94052,0,0,0,0,0,0,0,0,0,0,0,0,0,0,0,0,0,0

29.97387,0,0,0,0,0,0,0,0,0,0,0,0,0,0,0,0,0,0

29.99031,0,0,0,0,0,0,0,0,0,0,0,0,0,0,0,0,0,0

30.02431,0,0,0,0,0,0,0,0,0,0,0,0,0,0,0,0,0,0

30.0402,0,0,0,0,0,0,0,0,0,0,0,0,0,0,0,0,0,0

30.07462,0,0,0,0,0,0,0,0,0,0,0,0,0,0,0,0,0,0

30.09076,0,0,0,0,0,0,0,0,0,0,0,0,0,0,0,0,0,0

30.12435,0,0,0,0,0,0,0,0,0,0,0,0,0,0,0,0,0,0

30.14087,0,0,0,0,0,0,0,0,0,0,0,0,0,0,0,0,0,0

30.18027,0,0,0,0,0,0,0,0,0,0,0,0,0,0,0,0,0,0

30.19047,0,0,0,0,0,0,0,0,0,0,0,0,0,0,0,0,0,0

30.22577,0,0,0,0,0,0,0,0,0,0,0,0,0,0,0,0,0,0

30.24076,0,0,0,0,0,0,0,0,0,0,0,0,0,0,0,0,0,0

30.27511,0,0,0,0,0,0,0,0,0,0,0,0,0,0,0,0,0,0

30.29046,0,0,0,0,0,0,0,0,0,0,0,0,0,0,0,0,0,0

30.31564,0,0,0,0,0,0,0,0,0,0,0,0,0,0,0,0,0,0

30.34976,0,0,0,0,0,0,0,0,0,0,0,0,0,0,0,0,0,0

30.3659,0,0,0,0,0,0,0,0,0,0,0,0,0,0,0,0,0,0

30.39076,0,0,0,0,0,0,0,0,0,0,0,0,0,0,0,0,0,0

30.42441,0,0,0,0,0,0,0,0,0,0,0,0,0,0,0,0,0,0

30.44086,0,0,0,0,0,0,0,0,0,0,0,0,0,0,0,0,0,0

30.46591,0,0,0,0,0,0,0,0,0,0,0,0,0,0,0,0,0,0

30.49139,0,0,0,0,0,0,0,0,0,0,0,0,0,0,0,0,0,0

30.51577,0,0,0,0,0,0,0,0,0,0,0,0,0,0,0,0,0,0

30.54112,0,0,0,0,0,0,0,0,0,0,0,0,0,0,0,0,0,0

30.56626,0,0,0,0,0,0,0,0,0,0,0,0,0,0,0,0,0,0

30.60109,0,0,0,0,0,0,0,0,0,0,0,0,0,0,0,0,0,0

30.61584,0,0,0,0,0,0,0,0,0,0,0,0,0,0,0,0,0,0

30.64099,0,0,0,0,0,0,0,0,0,0,0,0,0,0,0,0,0,0

30.66594,0,0,0,0,0,0,0,0,0,0,0,0,0,0,0,0,0,0

30.70028,0,0,0,0,0,0,0,0,0,0,0,0,0,0,0,0,0,0

30.71652,0,0,0,0,0,0,0,0,0,0,0,0,0,0,0,0,0,0

30.74079,0,0,0,0,0,0,0,0,0,0,0,0,0,0,0,0,0,0

30.76548,0,0,0,0,0,0,0,0,0,0,0,0,0,0,0,0,0,0

30.79916,0,0,0,0,0,0,0,0,0,0,0,0,0,0,0,0,0,0

30.81581,0,0,0,0,0,0,0,0,0,0,0,0,0,0,0,0,0,0

30.84074,0,0,0,0,0,0,0,0,0,0,0,0,0,0,0,0,0,0

30.8661,0,0,0,0,0,0,0,0,0,0,0,0,0,0,0,0,0,0

30.90007,0,0,0,0,0,0,0,0,0,0,0,0,0,0,0,0,0,0

30.91605,0,0,0,0,0,0,0,0,0,0,0,0,0,0,0,0,0,0

30.95021,0,0,0,0,0,0,0,0,0,0,0,0,0,0,0,0,0,0

30.96581,0,0,0,0,0,0,0,0,0,0,0,0,0,0,0,0,0,0

30.99956,0,0,0,0,0,0,0,0,0,0,0,0,0,0,0,0,0,0

31.01632,0,0,0,0,0,0,0,0,0,0,0,0,0,0,0,0,0,0

31.05196,0,0,0,0,0,0,0,0,0,0,0,0,0,0,0,0,0,0

31.07603,0,0,0,0,0,0,0,0,0,0,0,0,0,0,0,0,0,0

31.10038,0,0,0,0,0,0,0,0,0,0,0,0,0,0,0,0,0,0

31.12656,0,0,0,0,0,0,0,0,0,0,0,0,0,0,0,0,0,0

31.15063,0,0,0,0,0,0,0,0,0,0,0,0,0,0,0,0,0,0

31.17521,0,0,0,0,0,0,0,0,0,0,0,0,0,0,0,0,0,0

31.20577,0,0,0,0,0,0,0,0,0,0,0,0,0,0,0,0,0,0

31.22516,0,0,0,0,0,0,0,0,0,0,0,0,0,0,0,0,0,0

31.24928,0,0,0,0,0,0,0,0,0,0,0,0,0,0,0,0,0,0

31.27552,0,0,0,0,0,0,0,0,0,0,0,0,0,0,0,0,0,0

31.29085,0,0,0,0,0,0,0,0,0,0,0,0,0,0,0,0,0,0

31.32471,0,0,0,0,0,0,0,0,0,0,0,0,0,0,0,0,0,0

31.34119,0,0,0,0,0,0,0,0,0,0,0,0,0,0,0,0,0,0

31.37522,0,0,0,0,0,0,0,0,0,0,0,0,0,0,0,0,0,0

31.39121,0,0,0,0,0,0,0,0,0,0,0,0,0,0,0,0,0,0

31.41617,0,0,0,0,0,0,0,0,0,0,0,0,0,0,0,0,0,0

31.44993,0,0,0,0,0,0,0,0,0,0,0,0,0,0,0,0,0,0

31.46611,0,0,0,0,0,0,0,0,0,0,0,0,0,0,0,0,0,0

31.4914,0,0,0,0,0,0,0,0,0,0,0,0,0,0,0,0,0,0

31.51648,0,0,0,0,0,0,0,0,0,0,0,0,0,0,0,0,0,0

31.54115,0,0,0,0,0,0,0,0,0,0,0,0,0,0,0,0,0,0

31.57548,0,0,0,0,0,0,0,0,0,0,0,0,0,0,0,0,0,0

31.59144,0,0,0,0,0,0,0,0,0,0,0,0,0,0,0,0,0,0

31.61642,0,0,0,0,0,0,0,0,0,0,0,0,0,0,0,0,0,0

31.64157,0,0,0,0,0,0,0,0,0,0,0,0,0,0,0,0,0,0

31.66649,0,0,0,0,0,0,0,0,0,0,0,0,0,0,0,0,0,0

31.69157,0,0,0,0,0,0,0,0,0,0,0,0,0,0,0,0,0,0

31.71624,0,0,0,0,0,0,0,0,0,0,0,0,0,0,0,0,0,0

31.75087,0,0,0,0,0,0,0,0,0,0,0,0,0,0,0,0,0,0

31.76612,0,0,0,0,0,0,0,0,0,0,0,0,0,0,0,0,0,0

31.79125,0,0,0,0,0,0,0,0,0,0,0,0,0,0,0,0,0,0

31.81657,0,0,0,0,0,0,0,0,0,0,0,0,0,0,0,0,0,0

31.84116,0,0,0,0,0,0,0,0,0,0,0,0,0,0,0,0,0,0

31.87612,0,0,0,0,0,0,0,0,0,0,0,0,0,0,0,0,0,0

31.89128,0,0,0,0,0,0,0,0,0,0,0,0,0,0,0,0,0,0

31.91658,0,0,0,0,0,0,0,0,0,0,0,0,0,0,0,0,0,0

31.95517,0,0,0,0,0,0,0,0,0,0,0,0,0,0,0,0,0,0

31.96662,0,0,0,0,0,0,0,0,0,0,0,0,0,0,0,0,0,0

32.00078,0,0,0,0,0,0,0,0,0,0,0,0,0,0,0,0,0,0

32.01615,0,0,0,0,0,0,0,0,0,0,0,0,0,0,0,0,0,0

32.04945,0,0,0,0,0,0,0,0,0,0,0,0,0,0,0,0,0,0

32.06611,0,0,0,0,0,0,0,0,0,0,0,0,0,0,0,0,0,0

32.10028,0,0,0,0,0,0,0,0,0,0,0,0,0,0,0,0,0,0

32.11613,0,0,0,0,0,0,0,0,0,0,0,0,0,0,0,0,0,0

32.14161,0,0,0,0,0,0,0,0,0,0,0,0,0,0,0,0,0,0

32.17503,0,0,0,0,0,0,0,0,0,0,0,0,0,0,0,0,0,0

32.19146,0,0,0,0,0,0,0,0,0,0,0,0,0,0,0,0,0,0

32.21656,0,0,0,0,0,0,0,0,0,0,0,0,0,0,0,0,0,0

32.25089,0,0,0,0,0,0,0,0,0,0,0,0,0,0,0,0,0,0

32.26642,0,0,0,0,0,0,0,0,0,0,0,0,0,0,0,0,0,0

32.29178,0,0,0,0,0,0,0,0,0,0,0,0,0,0,0,0,0,0

32.32661,0,0,0,0,0,0,0,0,0,0,0,0,0,0,0,0,0,0

32.34156,0,0,0,0,0,0,0,0,0,0,0,0,0,0,0,0,0,0

32.36679,0,0,0,0,0,0,0,0,0,0,0,0,0,0,0,0,0,0

32.40047,0,0,0,0,0,0,0,0,0,0,0,0,0,0,0,0,0,0

32.41626,0,0,0,0,0,0,0,0,0,0,0,0,0,0,0,0,0,0

32.44183,0,0,0,0,0,0,0,0,0,0,0,0,0,0,0,0,0,0

32.46655,0,0,0,0,0,0,0,0,0,0,0,0,0,0,0,0,0,0

32.50039,0,0,0,0,0,0,0,0,0,0,0,0,0,0,0,0,0,0

32.5162,0,0,0,0,0,0,0,0,0,0,0,0,0,0,0,0,0,0

32.54139,0,0,0,0,0,0,0,0,0,0,0,0,0,0,0,0,0,0

32.57555,0,0,0,0,0,0,0,0,0,0,0,0,0,0,0,0,0,0

32.59182,0,0,0,0,0,0,0,0,0,0,0,0,0,0,0,0,0,0

32.61655,0,0,0,0,0,0,0,0,0,0,0,0,0,0,0,0,0,0

32.65095,0,0,0,0,0,0,0,0,0,0,0,0,0,0,0,0,0,0

32.66655,0,0,0,0,0,0,0,0,0,0,0,0,0,0,0,0,0,0

32.70164,0,0,0,0,0,0,0,0,0,0,0,0,0,0,0,0,0,0

32.71662,0,0,0,0,0,0,0,0,0,0,0,0,0,0,0,0,0,0

32.75067,0,0,0,0,0,0,0,0,0,0,0,0,0,0,0,0,0,0

32.77521,0,0,0,0,0,0,0,0,0,0,0,0,0,0,0,0,0,0

32.8019,0,0,0,0,0,0,0,0,0,0,0,0,0,0,0,0,0,0

32.81654,0,0,0,0,0,0,0,0,0,0,0,0,0,0,0,0,0,0

32.85007,0,0,0,0,0,0,0,0,0,0,0,0,0,0,0,0,0,0

32.86641,0,0,0,0,0,0,0,0,0,0,0,0,0,0,0,0,0,0

32.90091,0,0,0,0,0,0,0,0,0,0,0,0,0,0,0,0,0,0

32.9163,0,0,0,0,0,0,0,0,0,0,0,0,0,0,0,0,0,0

32.95074,0,0,0,0,0,0,0,0,0,0,0,0,0,0,0,0,0,0

32.96619,0,0,0,0,0,0,0,0,0,0,0,0,0,0,0,0,0,0

33.00021,0,0,0,0,0,0,0,0,0,0,0,0,0,0,0,0,0,0

33.01644,0,0,0,0,0,0,0,0,0,0,0,0,0,0,0,0,0,0

33.05138,0,0,0,0,0,0,0,0,0,0,0,0,0,0,0,0,0,0

33.06647,0,0,0,0,0,0,0,0,0,0,0,0,0,0,0,0,0,0

33.10083,0,0,0,0,0,0,0,0,0,0,0,0,0,0,0,0,0,0

33.11661,0,0,0,0,0,0,0,0,0,0,0,0,0,0,0,0,0,0

33.15117,0,0,0,0,0,0,0,0,0,0,0,0,0,0,0,0,0,0

33.16639,0,0,0,0,0,0,0,0,0,0,0,0,0,0,0,0,0,0

33.20063,0,0,0,0,0,0,0,0,0,0,0,0,0,0,0,0,0,0

33.21687,0,0,0,0,0,0,0,0,0,0,0,0,0,0,0,0,0,0

33.24997,0,0,0,0,0,0,0,0,0,0,0,0,0,0,0,0,0,0

33.26651,0,0,0,0,0,0,0,0,0,0,0,0,0,0,0,0,0,0

33.30031,0,0,0,0,0,0,0,0,0,0,0,0,0,0,0,0,0,0

33.31667,0,0,0,0,0,0,0,0,0,0,0,0,0,0,0,0,0,0

33.34164,0,0,0,0,0,0,0,0,0,0,0,0,0,0,0,0,0,0

33.37584,0,0,0,0,0,0,0,0,0,0,0,0,0,0,0,0,0,0

33.39161,0,0,0,0,0,0,0,0,0,0,0,0,0,0,0,0,0,0

33.41661,0,0,0,0,0,0,0,0,0,0,0,0,0,0,0,0,0,0

33.44169,0,0,0,0,0,0,0,0,0,0,0,0,0,0,0,0,0,0

33.4777,0,0,0,0,0,0,0,0,0,0,0,0,0,0,0,0,0,0

33.49188,0,0,0,0,0,0,0,0,0,0,0,0,0,0,0,0,0,0

33.51694,0,0,0,0,0,0,0,0,0,0,0,0,0,0,0,0,0,0

33.55168,0,0,0,0,0,0,0,0,0,0,0,0,0,0,0,0,0,0

33.5667,0,0,0,0,0,0,0,0,0,0,0,0,0,0,0,0,0,0

33.60172,0,0,0,0,0,0,0,0,0,0,0,0,0,0,0,0,0,0

33.61664,0,0,0,0,0,0,0,0,0,0,0,0,0,0,0,0,0,0

33.65504,0,0,0,0,0,0,0,0,0,0,0,0,0,0,0,0,0,0

33.66637,0,0,0,0,0,0,0,0,0,0,0,0,0,0,0,0,0,0

33.69225,0,0,0,0,0,0,0,0,0,0,0,0,0,0,0,0,0,0

33.72517,0,0,0,0,0,0,0,0,0,0,0,0,0,0,0,0,0,0

33.74157,0,0,0,0,0,0,0,0,0,0,0,0,0,0,0,0,0,0

33.76695,0,0,0,0,0,0,0,0,0,0,0,0,0,0,0,0,0,0

33.80185,0,0,0,0,0,0,0,0,0,0,0,0,0,0,0,0,0,0

33.81683,0,0,0,0,0,0,0,0,0,0,0,0,0,0,0,0,0,0

33.85007,0,0,0,0,0,0,0,0,0,0,0,0,0,0,0,0,0,0

33.86665,0,0,0,0,0,0,0,0,0,0,0,0,0,0,0,0,0,0

33.90052,0,0,0,0,0,0,0,0,0,0,0,0,0,0,0,0,0,0

33.91677,0,0,0,0,0,0,0,0,0,0,0,0,0,0,0,0,0,0

33.95015,0,0,0,0,0,0,0,0,0,0,0,0,0,0,0,0,0,0

33.96647,0,0,0,0,0,0,0,0,0,0,0,0,0,0,0,0,0,0

34.00038,0,0,0,0,0,0,0,0,0,0,0,0,0,0,0,0,0,0

34.01649,0,0,0,0,0,0,0,0,0,0,0,0,0,0,0,0,0,0

34.05167,0,0,0,0,0,0,0,0,0,0,0,0,0,0,0,0,0,0

34.06636,0,0,0,0,0,0,0,0,0,0,0,0,0,0,0,0,0,0

34.10094,0,0,0,0,0,0,0,0,0,0,0,0,0,0,0,0,0,0

34.12554,0,0,0,0,0,0,0,0,0,0,0,0,0,0,0,0,0,0

34.15157,0,0,0,0,0,0,0,0,0,0,0,0,0,0,0,0,0,0

34.17744,0,0,0,0,0,0,0,0,0,0,0,0,0,0,0,0,0,0

34.20038,0,0,0,0,0,0,0,0,0,0,0,0,0,0,0,0,0,0

34.22696,0,0,0,0,0,0,0,0,0,0,0,0,0,0,0,0,0,0

34.2579,0,0,0,0,0,0,0,0,0,0,0,0,0,0,0,0,0,0

34.27817,0,0,0,0,0,0,0,0,0,0,0,0,0,0,0,0,0,0

34.30407,0,0,0,0,0,0,0,0,0,0,0,0,0,0,0,0,0,0

34.32784,0,0,0,0,0,0,0,0,0,0,0,0,0,0,0,0,0,0

34.35133,0,0,0,0,0,0,0,0,0,0,0,0,0,0,0,0,0,0

34.37568,0,0,0,0,0,0,0,0,0,0,0,0,0,0,0,0,0,0

34.39199,0,0,0,0,0,0,0,0,0,0,0,0,0,0,0,0,0,0

34.41683,0,0,0,0,0,0,0,0,0,0,0,0,0,0,0,0,0,0

34.44198,0,0,0,0,0,0,0,0,0,0,0,0,0,0,0,0,0,0

34.46666,0,0,0,0,0,0,0,0,0,0,0,0,0,0,0,0,0,0

34.49206,0,0,0,0,0,0,0,0,0,0,0,0,0,0,0,0,0,0

34.51688,0,0,0,0,0,0,0,0,0,0,0,0,0,0,0,0,0,0

34.5415,0,0,0,0,0,0,0,0,0,0,0,0,0,0,0,0,0,0

34.56759,0,0,0,0,0,0,0,0,0,0,0,0,0,0,0,0,0,0

34.59192,0,0,0,0,0,0,0,0,0,0,0,0,0,0,0,0,0,0

34.61653,0,0,0,0,0,0,0,0,0,0,0,0,0,0,0,0,0,0

34.64189,0,0,0,0,0,0,0,0,0,0,0,0,0,0,0,0,0,0

34.66761,0,0,0,0,0,0,0,0,0,0,0,0,0,0,0,0,0,0

34.69199,0,0,0,0,0,0,0,0,0,0,0,0,0,0,0,0,0,0

34.71844,0,0,0,0,0,0,0,0,0,0,0,0,0,0,0,0,0,0

34.74157,0,0,0,0,0,0,0,0,0,0,0,0,0,0,0,0,0,0

34.76779,0,0,0,0,0,0,0,0,0,0,0,0,0,0,0,0,0,0

34.79168,0,0,0,0,0,0,0,0,0,0,0,0,0,0,0,0,0,0

34.81723,0,0,0,0,0,0,0,0,0,0,0,0,0,0,0,0,0,0

34.84166,0,0,0,0,0,0,0,0,0,0,0,0,0,0,0,0,0,0

34.86685,0,0,0,0,0,0,0,0,0,0,0,0,0,0,0,0,0,0

34.89244,0,0,0,0,0,0,0,0,0,0,0,0,0,0,0,0,0,0

34.91698,0,0,0,0,0,0,0,0,0,0,0,0,0,0,0,0,0,0

34.94201,0,0,0,0,0,0,0,0,0,0,0,0,0,0,0,0,0,0

34.96723,0,0,0,0,0,0,0,0,0,0,0,0,0,0,0,0,0,0

34.99175,0,0,0,0,0,0,0,0,0,0,0,0,0,0,0,0,0,0

35.0168,0,0,0,0,0,0,0,0,0,0,0,0,0,0,0,0,0,0

35.04168,0,0,0,0,0,0,0,0,0,0,0,0,0,0,0,0,0,0

35.06786,0,0,0,0,0,0,0,0,0,0,0,0,0,0,0,0,0,0

35.09176,0,0,0,0,0,0,0,0,0,0,0,0,0,0,0,0,0,0

35.11676,0,0,0,0,0,0,0,0,0,0,0,0,0,0,0,0,0,0

35.14199,0,0,0,0,0,0,0,0,0,0,0,0,0,0,0,0,0,0

35.16698,0,0,0,0,0,0,0,0,0,0,0,0,0,0,0,0,0,0

35.19249,0,0,0,0,0,0,0,0,0,0,0,0,0,0,0,0,0,0

35.21665,0,0,0,0,0,0,0,0,0,0,0,0,0,0,0,0,0,0

35.24194,0,0,0,0,0,0,0,0,0,0,0,0,0,0,0,0,0,0

35.26672,0,0,0,0,0,0,0,0,0,0,0,0,0,0,0,0,0,0

35.29182,0,0,0,0,0,0,0,0,0,0,0,0,0,0,0,0,0,0

35.31681,0,0,0,0,0,0,0,0,0,0,0,0,0,0,0,0,0,0

35.34147,0,0,0,0,0,0,0,0,0,0,0,0,0,0,0,0,0,0

35.36761,0,0,0,0,0,0,0,0,0,0,0,0,0,0,0,0,0,0

35.39254,0,0,0,0,0,0,0,0,0,0,0,0,0,0,0,0,0,0

35.41634,0,0,0,0,0,0,0,0,0,0,0,0,0,0,0,0,0,0

35.44194,0,0,0,0,0,0,0,0,0,0,0,0,0,0,0,0,0,0

35.46717,0,0,0,0,0,0,0,0,0,0,0,0,0,0,0,0,0,0

35.4918,0,0,0,0,0,0,0,0,0,0,0,0,0,0,0,0,0,0

35.51678,0,0,0,0,0,0,0,0,0,0,0,0,0,0,0,0,0,0

35.54107,0,0,0,0,0,0,0,0,0,0,0,0,0,0,0,0,0,0

35.56672,0,0,0,0,0,0,0,0,0,0,0,0,0,0,0,0,0,0

35.59155,0,0,0,0,0,0,0,0,0,0,0,0,0,0,0,0,0,0

35.61641,0,0,0,0,0,0,0,0,0,0,0,0,0,0,0,0,0,0

35.64152,0,0,0,0,0,0,0,0,0,0,0,0,0,0,0,0,0,0

35.66678,0,0,0,0,0,0,0,0,0,0,0,0,0,0,0,0,0,0

35.69235,0,0,0,0,0,0,0,0,0,0,0,0,0,0,0,0,0,0

35.71709,0,0,0,0,0,0,0,0,0,0,0,0,0,0,0,0,0,0

35.74164,0,0,0,0,0,0,0,0,0,0,0,0,0,0,0,0,0,0

35.76645,0,0,0,0,0,0,0,0,0,0,0,0,0,0,0,0,0,0

35.79178,0,0,0,0,0,0,0,0,0,0,0,0,0,0,0,0,0,0

35.81623,0,0,0,0,0,0,0,0,0,0,0,0,0,0,0,0,0,0

35.84121,0,0,0,0,0,0,0,0,0,0,0,0,0,0,0,0,0,0

35.86613,0,0,0,0,0,0,0,0,0,0,0,0,0,0,0,0,0,0

35.89158,0,0,0,0,0,0,0,0,0,0,0,0,0,0,0,0,0,0

35.91669,0,0,0,0,0,0,0,0,0,0,0,0,0,0,0,0,0,0

35.94108,0,0,0,0,0,0,0,0,0,0,0,0,0,0,0,0,0,0

35.96632,0,0,0,0,0,0,0,0,0,0,0,0,0,0,0,0,0,0

35.99147,0,0,0,0,0,0,0,0,0,0,0,0,0,0,0,0,0,0

36.01653,0,0,0,0,0,0,0,0,0,0,0,0,0,0,0,0,0,0

36.04181,0,0,0,0,0,0,0,0,0,0,0,0,0,0,0,0,0,0

36.06616,0,0,0,0,0,0,0,0,0,0,0,0,0,0,0,0,0,0

36.09128,0,0,0,0,0,0,0,0,0,0,0,0,0,0,0,0,0,0

36.11659,0,0,0,0,0,0,0,0,0,0,0,0,0,0,0,0,0,0

36.1415,0,0,0,0,0,0,0,0,0,0,0,0,0,0,0,0,0,0

36.16677,0,0,0,0,0,0,0,0,0,0,0,0,0,0,0,0,0,0

36.19193,0,0,0,0,0,0,0,0,0,0,0,0,0,0,0,0,0,0

36.21706,0,0,0,0,0,0,0,0,0,0,0,0,0,0,0,0,0,0

36.24108,0,0,0,0,0,0,0,0,0,0,0,0,0,0,0,0,0,0

36.26616,0,0,0,0,0,0,0,0,0,0,0,0,0,0,0,0,0,0

36.2915,0,0,0,0,0,0,0,0,0,0,0,0,0,0,0,0,0,0

36.31624,0,0,0,0,0,0,0,0,0,0,0,0,0,0,0,0,0,0

36.34104,0,0,0,0,0,0,0,0,0,0,0,0,0,0,0,0,0,0

36.36673,0,0,0,0,0,0,0,0,0,0,0,0,0,0,0,0,0,0

36.39143,0,0,0,0,0,0,0,0,0,0,0,0,0,0,0,0,0,0

36.41664,0,0,0,0,0,0,0,0,0,0,0,0,0,0,0,0,0,0

36.44127,0,0,0,0,0,0,0,0,0,0,0,0,0,0,0,0,0,0

36.46588,0,0,0,0,0,0,0,0,0,0,0,0,0,0,0,0,0,0

36.49172,0,0,0,0,0,0,0,0,0,0,0,0,0,0,0,0,0,0

36.51596,0,0,0,0,0,0,0,0,0,0,0,0,0,0,0,0,0,0

36.54703,0,0,0,0,0,0,0,0,0,0,0,0,0,0,0,0,0,0

36.56652,0,0,0,0,0,0,0,0,0,0,0,0,0,0,0,0,0,0

36.59078,0,0,0,0,0,0,0,0,0,0,0,0,0,0,0,0,0,0

36.61591,0,0,0,0,0,0,0,0,0,0,0,0,0,0,0,0,0,0

36.64122,0,0,0,0,0,0,0,0,0,0,0,0,0,0,0,0,0,0

36.68504,0,0,0,0,0,0,0,0,0,0,0,0,0,0,0,0,0,0

36.74162,0,0,0,0,0,0,0,0,0,0,0,0,0,0,0,0,0,0

36.75693,0,0,0,0,0,0,0,0,0,0,0,0,0,0,0,0,0,0

36.76883,0,0,0,0,0,0,0,0,0,0,0,0,0,0,0,0,0,0

36.79138,0,0,0,0,0,0,0,0,0,0,0,0,0,0,0,0,0,0

36.81732,0,0,0,0,0,0,0,0,0,0,0,0,0,0,0,0,0,0

36.84163,0,0,0,0,0,0,0,0,0,0,0,0,0,0,0,0,0,0

36.86657,0,0,0,0,0,0,0,0,0,0,0,0,0,0,0,0,0,0

36.89203,0,0,0,0,0,0,0,0,0,0,0,0,0,0,0,0,0,0

36.91632,0,0,0,0,0,0,0,0,0,0,0,0,0,0,0,0,0,0

36.9417,0,0,0,0,0,0,0,0,0,0,0,0,0,0,0,0,0,0

36.96675,0,0,0,0,0,0,0,0,0,0,0,0,0,0,0,0,0,0

36.9917,0,0,0,0,0,0,0,0,0,0,0,0,0,0,0,0,0,0

37.01645,0,0,0,0,0,0,0,0,0,0,0,0,0,0,0,0,0,0

37.04121,0,0,0,0,0,0,0,0,0,0,0,0,0,0,0,0,0,0

37.06687,0,0,0,0,0,0,0,0,0,0,0,0,0,0,0,0,0,0

37.09148,0,0,0,0,0,0,0,0,0,0,0,0,0,0,0,0,0,0

37.11639,0,0,0,0,0,0,0,0,0,0,0,0,0,0,0,0,0,0

37.14125,0,0,0,0,0,0,0,0,0,0,0,0,0,0,0,0,0,0

37.16631,0,0,0,0,0,0,0,0,0,0,0,0,0,0,0,0,0,0

37.19143,0,0,0,0,0,0,0,0,0,0,0,0,0,0,0,0,0,0

37.21668,0,0,0,0,0,0,0,0,0,0,0,0,0,0,0,0,0,0

37.24115,0,0,0,0,0,0,0,0,0,0,0,0,0,0,0,0,0,0

37.26576,0,0,0,0,0,0,0,0,0,0,0,0,0,0,0,0,0,0

37.29078,0,0,0,0,0,0,0,0,0,0,0,0,0,0,0,0,0,0

37.31596,0,0,0,0,0,0,0,0,0,0,0,0,0,0,0,0,0,0

37.34138,0,0,0,0,0,0,0,0,0,0,0,0,0,0,0,0,0,0

37.36628,0,0,0,0,0,0,0,0,0,0,0,0,0,0,0,0,0,0

37.39154,0,0,0,0,0,0,0,0,0,0,0,0,0,0,0,0,0,0

37.41597,0,0,0,0,0,0,0,0,0,0,0,0,0,0,0,0,0,0

37.44123,0,0,0,0,0,0,0,0,0,0,0,0,0,0,0,0,0,0

37.46617,0,0,0,0,0,0,0,0,0,0,0,0,0,0,0,0,0,0

37.49136,0,0,0,0,0,0,0,0,0,0,0,0,0,0,0,0,0,0

37.51635,0,0,0,0,0,0,0,0,0,0,0,0,0,0,0,0,0,0

37.5411,0,0,0,0,0,0,0,0,0,0,0,0,0,0,0,0,0,0

37.56761,0,0,0,0,0,0,0,0,0,0,0,0,0,0,0,0,0,0

37.59132,0,0,0,0,0,0,0,0,0,0,0,0,0,0,0,0,0,0

37.61636,0,0,0,0,0,0,0,0,0,0,0,0,0,0,0,0,0,0

37.64119,0,0,0,0,0,0,0,0,0,0,0,0,0,0,0,0,0,0

37.66627,0,0,0,0,0,0,0,0,0,0,0,0,0,0,0,0,0,0

37.69117,0,0,0,0,0,0,0,0,0,0,0,0,0,0,0,0,0,0

37.71574,0,0,0,0,0,0,0,0,0,0,0,0,0,0,0,0,0,0

37.74129,0,0,0,0,0,0,0,0,0,0,0,0,0,0,0,0,0,0

37.76571,0,0,0,0,0,0,0,0,0,0,0,0,0,0,0,0,0,0

37.79067,0,0,0,0,0,0,0,0,0,0,0,0,0,0,0,0,0,0

37.8159,0,0,0,0,0,0,0,0,0,0,0,0,0,0,0,0,0,0

37.84081,0,0,0,0,0,0,0,0,0,0,0,0,0,0,0,0,0,0

37.86575,0,0,0,0,0,0,0,0,0,0,0,0,0,0,0,0,0,0

37.89052,0,0,0,0,0,0,0,0,0,0,0,0,0,0,0,0,0,0

37.91602,0,0,0,0,0,0,0,0,0,0,0,0,0,0,0,0,0,0

37.94077,0,0,0,0,0,0,0,0,0,0,0,0,0,0,0,0,0,0

37.96551,0,0,0,0,0,0,0,0,0,0,0,0,0,0,0,0,0,0

37.99092,0,0,0,0,0,0,0,0,0,0,0,0,0,0,0,0,0,0

38.01552,0,0,0,0,0,0,0,0,0,0,0,0,0,0,0,0,0,0

38.0407,0,0,0,0,0,0,0,0,0,0,0,0,0,0,0,0,0,0

38.06554,0,0,0,0,0,0,0,0,0,0,0,0,0,0,0,0,0,0

38.09388,0,0,0,0,0,0,0,0,0,0,0,0,0,0,0,0,0,0

38.11673,0,0,0,0,0,0,0,0,0,0,0,0,0,0,0,0,0,0

38.14093,0,0,0,0,0,0,0,0,0,0,0,0,0,0,0,0,0,0

38.16569,0,0,0,0,0,0,0,0,0,0,0,0,0,0,0,0,0,0

38.19082,0,0,0,0,0,0,0,0,0,0,0,0,0,0,0,0,0,0

38.21875,0,0,0,0,0,0,0,0,0,0,0,0,0,0,0,0,0,0

